num,name,epoch,a,e,inc,w,omega,m,H,G,info,wiki,wikipic
719.0,Albert,59000,2.6386021,0.54655847,11.56748,156.17634,183.86695,140.2734218,15.5,0.15,,,
887.0,Alinda,59000,2.4737369,0.57033172,9.39385,350.49556,110.43424,294.5791719,13.8,-0.12,,,
1036.0,Ganymed,59000,2.6647246,0.53304613,26.67764,132.36463,215.54683,4.8177441,9.4,0.3,,,f/fd/001036-asteroid_shape_model_%281036%29_Ganymed.png
1943.0,Anteros,59000,1.4304622,0.25599517,8.7062,338.37397,246.32977,188.2367855,15.6,0.15,,,
3122.0,Florence,59000,1.7689749,0.4229446,22.1425,27.84782,336.06386,50.4377945,14.1,0.15,,,thumb/0/0b/Triple_asteroid_3122_Florence.gif/250px-Triple_asteroid_3122_Florence.gif
3200.0,Phaethon,59000,1.2713679,0.88983112,22.25951,322.18671,265.21769,228.9572436,14.3,0.15,,,2/2e/PIA22185.gif
3288.0,Seleucus,59000,2.0331786,0.45611595,5.92993,349.34077,218.63981,57.0864982,15.2,0.15,,,
3752.0,Camillo,59000,1.4135638,0.30167188,55.55754,312.21755,147.96693,150.4557117,15.3,0.15,,,thumb/0/00/3752_Camillo_Radar.jpg/250px-3752_Camillo_Radar.jpg
3753.0,Cruithne,59000,0.997697,0.51484423,19.80628,43.83759,126.22509,166.4702124,15.6,0.15,,,thumb/e/ee/Cruithne.jpg/250px-Cruithne.jpg
4183.0,Cuno,59000,1.9830722,0.63413876,6.70404,236.34901,294.86749,331.3505301,14.1,0.15,,,thumb/9/9c/4183_cuno.jpg/255px-4183_cuno.jpg
6178.0,1986 DA,59000,2.8208779,0.58196011,4.30484,127.35963,64.61741,81.0857767,15.8,0.15,,,
53319.0,1999 JM8,59000,2.7254691,0.64168247,13.84073,166.80595,133.61831,237.9150307,15.2,0.15,,,
153591.0,2001 SN263,59000,1.9874816,0.47849263,6.68926,172.94839,325.76735,140.3783798,16.9,0.15,,,
163693.0,Atira,59000,0.7410263,0.3221247,25.61987,252.91203,103.88631,186.9461565,16.3,0.15,,,d/de/Atira.20jan17.u2.s1p0.gif
285263.0,1998 QE2,59000,2.4237722,0.5715817,12.85876,345.70352,250.13019,310.8126759,17.2,0.15,,,
679885,(2021 NQ5),60600,1.611,0.4937,1.42,299.07,115.35,166.37,21.12,,,,
177049,(2003 EE16),60600,1.418,0.6143,0.65,259.5,127.23,5.13,19.85,,,,
620100,(2016 WJ1),60600,1.34,0.5031,2.89,87.77,81.99,345.15,21.35,,,,
523654,(2011 SR5),60600,1.178,0.7057,29.13,305.55,180.1,36.93,20.95,,,,
367789,(2011 AG5),60600,1.424,0.3882,3.69,54.05,135.59,336.11,21.77,,,,
164207,(2004 GU9),60600,1.001,0.1359,13.65,279.48,38.41,63.63,21.18,,,,
163132,(2002 CU11),60600,1.22,0.2952,48.78,110.53,157.74,229.17,18.61,,,,
529366,(2009 WM1),60600,1.181,0.1689,25.77,162.64,240.25,241.67,20.42,,,,
620095,(2016 CB194),60600,2.512,0.6322,9.88,325.74,48.47,119.35,17.7,,,,
37638, 37638 (1993 VB),60600,1.913,0.5199,5.08,323.2,145.56,236.56,19.28,,,,
143487,(2003 CR20),60600,2.124,0.7301,4.99,88.83,177.06,329.95,18.94,,,,
35396, 35396 (1997 XF11),60600,1.442,0.4837,4.1,103.04,213.65,272.13,17.01,,,,
308635,(2005 YU55),60600,1.157,0.4305,0.34,273.56,35.93,189.35,21.91,-0.12,,,
31669, 31669 (1999 JT6),60600,2.137,0.5776,9.54,39.1,78.77,97.39,16.09,,,,
297300,(1998 SC15),60600,1.273,0.4144,16.08,277.49,198.68,337.6,19.29,,,,
137108,(1999 AN10),60600,1.459,0.5621,39.93,268.33,314.34,177.03,18.05,,,,
89958, 89958 (2002 LY45),60600,1.642,0.8864,9.91,222.94,188.16,186.1,17.21,,,,
612337,(2002 EY2),60600,1.725,0.4866,21.73,51.1,343.39,67.64,19.45,,,,
434734,(2006 FX),60600,1.495,0.438,24.64,299.49,181.15,83.19,20.02,,,,
612901,(2004 XP14),60600,1.052,0.1586,32.95,273.74,281.01,54.12,19.79,,,,
7482,  7482 (1994 PC1),60600,1.349,0.3294,33.47,47.49,117.85,246.56,16.66,,,,
292220,(2006 SU49),60600,1.412,0.3117,2.52,199.1,303.06,153.84,19.39,,,,
433953,(1997 XR2),60600,1.076,0.2008,7.19,84.65,250.66,91.54,20.96,,,,
471240,(2011 BT15),60600,1.293,0.3024,1.66,308.81,105.35,147.3,21.7,,,,
267337,(2001 VK5),60600,1.269,0.514,19.43,263.93,54.22,64.72,18.06,,,,
585310,(2017 YZ1),60600,1.328,0.3351,20.87,298.49,277.7,99.8,20.43,,,,
442037,(2010 PR66),60600,2.927,0.6872,17.6,319.52,292.75,310.29,19.27,,,,
85236, 85236 (1993 KH),60600,1.234,0.311,12.81,293.82,54.36,252.62,18.75,,,,
141495,(2002 EZ11),60600,1.114,0.8021,2.35,317.78,51.88,194.78,18.47,,,,
89959, 89959 (2002 NT7),60600,1.735,0.5284,42.36,300.71,132.0,206.61,16.57,,,,
216985,(2000 QK130),60600,1.181,0.262,4.72,66.4,173.81,358.14,21.34,,,,
614433,(2009 KK),60600,1.502,0.4552,18.21,247.34,68.12,95.41,20.58,,,,
162416,(2000 EH26),60600,1.855,0.478,0.4,19.22,215.25,243.9,21.67,,,,
523662,(2012 MU2),60600,2.055,0.5138,11.22,16.6,250.3,64.04,20.77,,,,
85640, 85640 (1998 OX4),60600,1.58,0.4859,4.52,117.3,299.57,15.27,21.14,,,,
620066,(2010 SC41),60600,1.866,0.6068,0.25,267.58,235.53,142.47,19.86,,,,
484506,(2008 ER7),60600,1.486,0.6241,2.24,81.04,323.41,117.92,20.16,,,,
101869,(1999 MM),60600,1.624,0.6109,4.77,268.84,110.92,52.69,19.47,,,,
144898,(2004 VD17),60600,1.508,0.5886,4.22,90.98,223.98,306.24,18.89,,,,
330233,(2006 KV86),60600,1.543,0.374,37.08,153.86,220.04,90.72,18.82,,,,
143651,(2003 QO104),60600,2.133,0.5262,11.62,183.6,58.17,335.5,16.09,,,,
153814,(2001 WN5),60600,1.712,0.467,1.92,44.67,277.35,110.47,18.29,,,,
152685,(1998 MZ),60600,1.346,0.5729,0.15,39.24,122.28,349.07,19.34,,,,
373135,(2011 SD173),60600,1.653,0.4974,4.39,59.49,203.12,122.83,19.52,,,,
508967,(2004 VC17),60600,1.895,0.8109,20.4,65.16,229.17,247.56,18.49,,,,
405212,(2003 QC10),60600,1.373,0.7313,5.04,120.87,359.96,17.92,18.04,,,,
549948,(2011 WL2),60600,1.078,0.2834,14.13,88.85,212.91,275.83,20.84,,,,
530520,(2011 LT17),60600,1.1,0.2874,20.9,270.62,83.45,146.2,21.85,,,,
436724,(2011 UW158),60600,1.621,0.3765,4.57,8.82,285.95,174.09,19.98,,,,
438908,(2009 XO),60600,1.859,0.5434,0.35,140.52,27.95,287.57,20.63,,,,
415745,(2000 GV147),60600,1.747,0.457,10.56,216.11,68.64,194.22,19.34,,,,
356991,(1998 QA1),60600,2.102,0.5339,8.19,333.15,298.85,223.83,19.07,,,,
231937,(2001 FO32),60600,1.699,0.8258,39.01,123.36,181.71,202.09,17.58,,,,
332446,(2008 AF4),60600,1.38,0.4101,8.93,293.35,109.31,146.62,19.69,,,,
444193,(2005 SE71),60600,1.069,0.1944,24.83,78.29,39.1,22.73,18.19,,,,
90416, 90416 (2003 YK118),60600,1.695,0.4924,7.83,233.29,326.76,117.11,18.86,,,,
454101,(2013 BP73),60600,1.328,0.6287,6.85,251.89,80.03,323.38,20.45,,,,
269690,(1996 RG3),60600,2.001,0.6037,3.58,300.27,158.05,297.31,18.47,,,,
171576,(1999 VP11),60600,1.086,0.5836,17.28,61.74,208.08,111.24,18.68,,,,
387668,(2002 SZ),60600,1.297,0.4335,22.89,276.56,346.84,22.88,20.51,,,,
279744,(1998 KM3),60600,1.67,0.6108,4.66,85.36,263.02,37.82,19.86,,,,
371660,(2007 CN26),60600,1.292,0.2693,7.59,135.69,159.27,231.68,21.11,,,,
497117,(2004 FU4),60600,1.26,0.2639,23.25,46.31,31.56,296.47,18.33,,,,
509456,(2007 LF),60600,1.682,0.4198,6.99,333.92,239.39,359.45,20.57,,,,
2201,  2201 Oljato (1947 XC),60600,2.179,0.7107,2.52,98.37,74.87,334.42,15.36,,,,
163373,(2002 PZ39),60600,1.469,0.5465,1.67,260.13,328.77,196.11,19.03,,,,
482488,(2012 SW20),60600,2.462,0.6785,10.16,62.39,209.59,63.97,19.77,,,,
523685,(2014 DN112),60600,1.848,0.4939,4.3,145.91,260.18,143.77,20.04,,,,
436329,(2010 GX62),60600,2.971,0.699,21.83,317.0,206.93,316.16,20.09,,,,
20425, 20425 (1998 VD35),60600,1.565,0.4764,6.99,296.32,227.25,32.7,20.51,,,,
678927,(2018 BP),60600,1.557,0.3977,3.33,216.51,183.28,197.14,20.56,,,,
620071,(2011 WN15),60600,1.217,0.858,33.43,218.57,75.55,249.46,19.64,,,,
518640,(2008 KZ5),60600,1.844,0.4545,8.36,194.42,142.55,160.69,20.05,,,,
4581,  4581 Asclepius (1989 FC),60600,1.023,0.357,4.92,255.38,180.2,212.12,20.74,,,,
612098,(1999 RM45),60600,1.684,0.6446,10.89,88.91,162.63,215.47,19.82,,,,
215588,(2003 HF2),60600,1.114,0.6755,3.06,231.04,189.88,195.33,19.42,,,,
429584,(2011 EU29),60600,2.503,0.6999,2.57,251.23,177.14,175.49,19.8,,,,
387746,(2003 MH4),60600,1.964,0.5133,3.9,323.53,259.55,287.43,20.1,,,,
162162,(1999 DB7),60600,1.206,0.1949,10.84,29.93,157.59,110.33,19.99,,,,
696513,(2016 NL56),60600,1.407,0.545,4.6,87.43,340.9,270.79,20.91,,,,
612050,(1997 GL3),60600,2.27,0.7844,6.68,262.58,194.34,23.62,19.14,,,,
4660,  4660 Nereus (1982 DB),60600,1.485,0.3587,1.45,159.54,313.11,191.96,18.75,,,,
277475,(2005 WK4),60600,1.011,0.2374,9.84,74.13,138.11,83.3,20.22,,,,
68372, 68372 (2001 PM9),60600,1.618,0.416,8.11,322.33,252.96,157.97,18.97,,,,
267131,(2000 EK26),60600,2.41,0.6573,15.65,305.54,126.39,240.69,18.21,,,,
154276,(2002 SY50),60600,1.704,0.6888,8.75,99.68,34.03,288.08,17.64,,,,
85713, 85713 (1998 SS49),60600,1.923,0.6388,10.79,103.13,40.95,239.57,15.78,,,,
490354,(2009 FF19),60600,1.213,0.4092,0.56,244.81,84.88,127.29,21.4,,,,
496860,(1999 XL136),60600,1.819,0.6465,8.91,275.47,269.97,28.38,19.67,,,,
27002, 27002 (1998 DV9),60600,1.744,0.4333,8.7,0.82,130.34,203.62,18.31,,,,
69230, 69230 Hermes (1937 UB),60600,1.655,0.6239,6.07,92.9,34.05,279.39,17.68,,,,
363116,(2001 GQ2),60600,1.214,0.503,21.82,280.3,37.11,153.15,20.32,,,,
612267,(2001 SG286),60600,1.358,0.3474,7.77,56.28,241.11,236.56,20.91,,,,
437905,(2001 XU30),60600,2.198,0.6637,8.93,107.12,72.0,348.02,19.98,,,,
164121,(2003 YT1),60600,1.11,0.292,44.06,91.0,38.31,235.13,16.18,,,,
143649,(2003 QQ47),60600,1.085,0.187,62.1,104.96,0.99,174.1,17.39,,,,
386454,(2008 XM),60600,1.222,0.9093,5.45,27.39,240.61,301.03,20.03,,,,
162474,(2000 LB16),60600,1.241,0.3574,50.71,285.25,80.85,163.39,18.62,,,,
382406,(1996 AJ1),60600,1.31,0.7814,2.54,238.33,90.94,121.03,20.57,,,,
350751,(2002 AW),60600,1.072,0.2567,0.57,119.33,161.76,42.35,20.82,,,,
1981,  1981 Midas (1973 EA),60600,1.776,0.6505,39.82,267.84,356.8,258.81,15.28,,,,
456938,(2007 YV56),60600,1.576,0.6221,6.24,265.75,102.36,203.84,21.02,,,,
448003,(2008 DE),60600,1.714,0.414,14.77,179.2,55.91,114.0,19.64,,,,
196625,(2003 RM10),60600,1.848,0.5917,13.72,287.44,341.17,166.92,20.29,,,,
465824,(2010 FR),60600,1.131,0.3654,14.24,272.73,167.27,98.4,21.69,,,,
712200,(2014 SM143),60600,1.206,0.4226,24.21,89.64,28.81,153.82,20.38,,,,
523820,(2011 GN44),60600,2.245,0.5976,55.01,319.39,16.93,307.31,18.2,,,,
619106,(2005 SQ),60600,1.654,0.5748,1.2,294.98,317.11,28.92,20.11,,,,
368203,(2001 KO2),60600,2.479,0.6177,12.46,328.84,242.3,339.25,20.56,,,,
276033,(2002 AJ129),60600,1.37,0.9149,15.44,211.04,138.01,85.46,18.78,,,,
435159,(2007 LQ19),60600,2.605,0.6299,17.06,207.69,110.83,40.28,17.14,,,,
152680,(1998 KJ9),60600,1.448,0.6396,10.93,260.12,98.54,16.67,19.5,,,,
399774,(2005 NB7),60600,2.044,0.5174,12.7,348.16,199.16,237.64,18.8,,,,
669555,(2012 YQ1),60600,1.998,0.5627,5.15,42.26,120.01,50.22,21.11,,,,
461852,(2006 GY2),60600,1.858,0.4959,30.56,216.73,54.29,87.41,18.9,,,,
5693,  5693 (1993 EA),60600,1.271,0.5851,5.06,258.98,96.98,203.14,16.79,,,,
360191,(1988 TA),60600,1.54,0.4786,2.53,105.26,194.65,329.39,21.08,,,,
416801,(2005 GC120),60600,1.193,0.4974,16.54,258.31,67.93,273.19,19.65,,,,
242643,(2005 NZ6),60600,1.833,0.8652,8.41,48.96,38.79,237.52,17.38,,,,
179806,(2002 TD66),60600,1.858,0.5347,4.93,125.88,335.53,220.46,20.46,,,,
496816,(1989 UP),60600,1.862,0.4722,3.85,17.82,53.16,256.52,20.54,,,,
247360,(2001 XU),60600,2.573,0.8366,19.07,286.06,260.98,181.52,19.36,,,,
221455,(2006 BC10),60600,2.017,0.6577,0.92,234.3,21.04,142.51,19.52,,,,
354182,(2002 DU3),60600,1.145,0.2383,8.71,245.59,0.61,102.4,20.77,,,,
458116,(2010 DA),60600,1.03,0.5657,20.54,122.24,162.31,285.48,20.29,,,,
144332,(2004 DV24),60600,1.423,0.2898,55.89,186.41,171.13,206.42,16.61,,,,
525484,(2005 GL),60600,1.056,0.3063,15.9,265.35,43.61,278.68,21.3,,,,
418416,(2008 LV16),60600,2.089,0.6255,4.72,121.97,236.47,125.34,20.3,,,,
419472,(2010 DW1),60600,1.225,0.2002,23.77,9.65,157.11,286.45,19.99,,,,
297274,(1996 SK),60600,2.445,0.7905,1.97,286.33,195.51,113.57,16.93,,,,
451124,(2009 KC3),60600,3.209,0.6984,10.01,337.28,340.11,231.75,18.08,,,,
342866,(2008 YU32),60600,1.537,0.5955,3.41,83.97,232.57,142.65,20.24,,,,
251722,(1997 US2),60600,1.675,0.6608,3.17,100.33,65.89,115.6,19.82,,,,
612358,(2002 JE9),60600,1.066,0.4165,8.77,255.9,199.83,201.66,21.4,,,,
445305,(2010 DM56),60600,1.306,0.2927,25.6,48.17,349.61,350.69,19.71,,,,
357594,(2004 XL35),60600,1.355,0.2784,27.3,356.21,73.75,210.77,19.64,,,,
357024,(1999 YR14),60600,1.651,0.4,3.73,9.7,2.98,285.74,19.47,,,,
7753,  7753 (1988 XB),60600,1.467,0.4817,3.12,280.08,73.39,95.85,18.02,,,,
199801,(2007 AE12),60600,1.684,0.5694,2.29,86.98,245.44,128.4,19.36,,,,
395207,(2010 HQ80),60600,1.568,0.4893,27.85,66.3,218.47,79.78,19.62,,,,
416195,(2002 TR190),60600,1.077,0.1599,26.92,104.79,24.21,171.49,19.44,,,,
671294,(2014 JO25),60600,2.066,0.8867,25.16,49.91,30.28,201.55,18.02,,,,
538212,(2016 CA136),60600,2.032,0.7812,1.26,125.01,239.74,18.73,19.35,,,,
275677,(2000 RS11),60600,1.28,0.3205,17.1,301.69,172.16,146.18,19.22,,,,
480936,(2003 QH5),60600,1.26,0.2202,17.62,321.16,299.21,27.81,20.26,,,,
523606,(2005 CJ),60600,1.75,0.5256,1.08,81.99,357.82,203.33,20.34,,,,
536531,(2015 DV215),60600,1.538,0.4027,13.2,41.37,13.92,73.05,20.46,,,,
513312,(2007 DM41),60600,1.181,0.5278,2.26,274.49,1.7,211.78,22.07,,,,
68950, 68950 (2002 QF15),60600,1.057,0.3443,25.15,255.57,236.21,54.57,16.39,,,,
184266,(2004 VW14),60600,2.121,0.5977,3.83,42.78,100.83,140.17,19.49,,,,
483422,(2000 CE59),60600,1.138,0.1668,12.26,307.53,318.62,16.23,20.53,,,,
260141,(2004 QT24),60600,1.133,0.2519,17.75,76.64,36.1,130.6,18.31,,,,
474158,(1999 FA),60600,1.078,0.1327,12.03,296.99,166.08,5.21,20.71,,,,
385343,(2002 LV),60600,2.314,0.6052,29.53,224.23,132.15,100.45,16.56,,,,
620096,Curupira (2016 HL),60600,1.813,0.6157,5.15,252.07,232.69,195.15,19.85,,,,
311066,(2004 DC),60600,1.634,0.3996,19.46,156.37,74.9,296.12,18.29,,,,
503941,(2003 UV11),60600,1.453,0.7626,5.93,124.95,31.78,324.1,19.65,,,,
417949,(2007 TB23),60600,1.262,0.1977,38.29,173.86,40.1,173.05,18.74,,,,
509821,(2008 WQ63),60600,1.734,0.6071,0.92,229.02,317.08,308.58,20.2,,,,
357028,(2000 EJ26),60600,1.383,0.6147,9.23,285.9,10.48,347.63,19.46,,,,
450142,(1998 XN2),60600,1.998,0.542,1.79,127.0,255.19,66.15,19.88,,,,
177614,(2004 HK33),60600,1.889,0.5204,5.44,221.54,104.7,294.36,17.59,,,,
267221,(2001 AD2),60600,1.04,0.6598,1.64,111.95,210.54,235.31,19.85,,,,
363734,(2004 XN50),60600,1.681,0.7782,3.31,253.41,62.4,55.37,18.82,,,,
138175,(2000 EE104),60600,1.004,0.2932,5.24,280.87,25.5,52.66,20.47,,,,
458418,(2011 AM12),60600,1.854,0.5377,38.5,237.74,124.76,199.81,19.47,,,,
523804,(2000 YF29),60600,1.492,0.3713,6.3,28.1,124.74,355.9,20.31,,,,
374855,(2006 VQ13),60600,1.099,0.4458,16.7,73.8,233.68,251.14,20.11,,,,
369057,(2008 DK5),60600,1.555,0.6151,4.27,81.0,345.62,237.26,21.32,,,,
357439,(2004 BL86),60600,1.502,0.4025,23.78,311.51,126.65,120.93,19.29,,,,
162000,(1990 OS),60600,1.678,0.4624,1.09,21.59,346.51,239.67,19.64,,,,
620082,(2014 QL433),60600,2.092,0.717,4.43,260.62,322.63,158.82,19.87,,,,
162567,(2000 RW37),60600,1.247,0.2501,13.75,133.29,333.29,12.21,19.97,,,,
374038,(2004 HW),60600,2.691,0.6353,0.83,62.78,219.87,223.39,17.2,,,,
678413,(2017 SV20),60600,1.303,0.3054,22.73,119.66,110.86,52.25,18.76,,,,
494658,(2000 UG11),60600,1.929,0.5718,8.91,240.87,223.91,322.34,20.71,,,,
423709,(2006 BQ6),60600,1.472,0.4049,13.0,304.8,307.62,96.61,19.75,,,,
478574,(2012 TS78),60600,1.608,0.3818,32.67,196.78,8.27,123.69,18.61,,,,
614470,Flordeneu (2009 ST19),60600,2.361,0.5949,6.73,336.93,0.13,59.52,18.39,,,,
52768, 52768 (1998 OR2),60600,2.38,0.5755,5.88,174.59,26.94,81.21,16.04,,,,
207398,(2006 AS2),60600,2.091,0.6419,2.6,80.07,125.63,49.89,20.38,,,,
88254, 88254 (2001 FM129),60600,1.182,0.6296,1.52,140.23,272.11,166.57,17.77,,,,
457768,(2009 KN4),60600,1.941,0.5247,9.14,38.35,308.21,219.58,18.39,,,,
253841,(2003 YG118),60600,2.28,0.6461,8.03,233.54,347.42,330.41,17.28,,,,
420210,(2011 HF),60600,1.284,0.2346,10.62,149.66,204.88,327.18,20.44,,,,
244977,(2004 BE68),60600,1.761,0.4446,15.74,191.28,210.88,343.49,18.48,,,,
344076,(1998 HJ3),60600,1.985,0.7463,6.56,94.19,223.55,137.52,18.99,,,,
408792,(2000 GF2),60600,1.341,0.3777,9.63,108.1,176.01,243.93,20.56,,,,
242708,(2005 UK1),60600,2.501,0.6953,0.79,345.94,180.3,238.37,18.12,,,,
41429, 41429 (2000 GE2),60600,1.593,0.5553,2.17,297.2,351.91,42.91,20.66,,,,
430544,(2002 GM2),60600,2.201,0.8068,3.35,84.77,338.95,355.67,18.76,,,,
435548,(2008 QT3),60600,2.012,0.5285,7.25,160.98,271.9,196.12,18.87,,,,
2135,  2135 Aristaeus (1977 HA),60600,1.6,0.503,23.07,290.97,191.11,202.31,18.05,,,,
462550,(2009 CB3),60600,1.065,0.7237,21.5,229.52,158.73,148.11,19.63,,,,
531277,(2012 MM11),60600,2.113,0.6479,3.18,124.24,245.42,341.4,20.3,,,,
189040,(2000 MU1),60600,1.372,0.3825,13.09,63.78,130.03,84.71,19.87,,,,
381906,(2010 CL19),60600,1.543,0.6455,7.31,76.82,243.78,271.11,17.8,,,,
170086,(2002 XR14),60600,1.905,0.626,2.13,120.49,75.48,69.28,18.17,,,,
450293,(2004 LV3),60600,1.231,0.2757,35.34,121.35,273.47,237.45,18.83,,,,
440212,(2004 OB),60600,1.681,0.4304,3.44,223.35,174.52,55.29,18.96,,,,
2101,  2101 Adonis (1936 CA),60600,1.874,0.7642,1.32,43.69,349.43,230.82,18.72,,,,
359369,(2009 YG),60600,2.15,0.696,3.38,67.77,138.62,237.63,18.52,,,,
139622,(2001 QQ142),60600,1.421,0.3101,9.34,337.95,83.16,190.84,18.46,,,,
674590,(2015 RH2),60600,1.218,0.2666,5.36,115.37,332.38,210.05,22.0,,,,
612509,(2002 UK11),60600,1.324,0.5753,5.37,84.54,69.18,107.3,21.89,,,,
301844,(1990 UA),60600,1.642,0.526,0.93,202.58,104.28,87.51,19.71,,,,
162120,(1998 SH36),60600,1.088,0.5709,2.13,278.85,217.82,279.53,20.65,,,,
162422,(2000 EV70),60600,1.207,0.5311,1.4,314.5,108.93,240.88,20.6,,,,
374851,(2006 VV2),60600,2.387,0.6054,23.73,145.04,9.82,280.26,16.72,,,,
483560,(2004 BV1),60600,1.463,0.3673,12.16,223.28,96.74,16.85,19.26,,,,
162039,(1996 JG),60600,1.802,0.6604,5.28,280.26,52.83,246.3,19.06,,,,
197588,(2004 HE12),60600,1.845,0.4659,42.71,162.22,338.03,69.47,17.13,,,,
414287,(2008 OB9),60600,3.203,0.7597,13.5,238.56,202.7,262.76,17.73,,,,
441641,(2008 WZ13),60600,1.995,0.5625,8.2,133.93,51.73,165.73,18.62,,,,
514150,(2015 KJ57),60600,1.559,0.4039,2.63,336.45,14.4,239.72,21.53,,,,
450894,(2008 BT18),60600,2.22,0.5946,8.15,139.4,107.53,338.58,18.17,,,,
23187, 23187 (2000 PN9),60600,1.847,0.5893,51.33,293.53,164.29,167.5,16.06,,,,
422787,(2001 WS1),60600,2.591,0.6184,13.24,5.23,1.29,175.0,17.03,,,,
163067,(2002 AP3),60600,2.046,0.5862,7.61,117.82,87.3,254.83,19.99,,,,
529951,(2010 UD),60600,1.098,0.264,26.29,262.26,23.74,130.2,21.08,,,,
65909, 65909 (1998 FH12),60600,1.091,0.5397,3.56,284.51,108.59,196.93,19.3,,,,
527715,(2007 YQ56),60600,1.141,0.2881,26.45,273.09,276.0,213.19,19.97,,,,
382825,(2003 XB22),60600,1.405,0.3935,29.96,118.29,108.76,94.91,19.3,,,,
410627,(2008 RG1),60600,1.316,0.4431,13.09,257.45,347.79,298.99,20.89,,,,
136618,(1994 CN2),60600,1.573,0.3948,1.44,248.28,99.34,340.11,16.87,,,,
504680,(2009 EO2),60600,1.712,0.4807,11.48,220.6,264.63,2.81,19.78,,,,
333578,(2006 KM103),60600,1.573,0.3766,11.68,197.03,169.45,35.66,20.2,,,,
25143, 25143 Itokawa (1998 SF36),60600,1.324,0.2803,1.62,162.82,69.08,142.57,19.26,,,,
208115,(2000 CT101),60600,1.299,0.3547,23.3,292.43,135.55,278.65,20.84,,,,
679656,(2020 BP13),60600,1.568,0.3525,8.14,357.32,208.99,93.49,21.07,,,,
414990,(2011 EM51),60600,1.321,0.3353,1.86,142.26,134.15,285.47,21.9,,,,
155338,(2006 MZ1),60600,1.569,0.4826,2.08,138.7,226.58,81.14,20.4,,,,
463387,(2013 CT82),60600,2.085,0.6248,1.8,90.54,271.38,30.03,18.43,,,,
162183,(1999 NB5),60600,2.072,0.5351,1.43,123.19,235.31,143.03,21.25,,,,
406213,(2007 AB2),60600,1.919,0.5457,1.46,280.93,126.84,265.78,20.34,,,,
162922,(2001 OY13),60600,1.319,0.382,10.3,291.31,284.18,174.17,20.91,,,,
154590,(2003 MA3),60600,1.105,0.4022,1.42,228.88,152.67,56.99,21.71,,,,
620085,(2014 WG365),60600,1.296,0.3333,25.12,111.13,71.31,155.1,20.12,,,,
496901,(2001 HB),60600,1.314,0.694,9.28,238.0,195.82,260.14,20.69,,,,
139359,(2001 ME1),60600,2.634,0.87,5.96,302.4,84.57,138.82,16.53,,,,
469896,(2005 WC1),60600,1.401,0.4865,19.98,256.82,264.94,102.44,20.67,,,,
483423,(2000 DO1),60600,1.43,0.6818,3.46,302.82,335.78,110.43,20.53,,,,
443103,(2013 WT67),60600,1.035,0.1922,21.47,99.03,322.75,159.08,17.97,,,,
488515,(2001 FE90),60600,1.935,0.4952,8.81,145.42,98.38,256.64,20.71,,,,
3361,  3361 Orpheus (1982 HR),60600,1.21,0.3229,2.66,302.34,188.68,24.54,19.56,,,,
452302,(1995 YR1),60600,1.698,0.8268,3.58,110.04,106.52,335.76,20.23,,,,
13651, 13651 (1997 BR),60600,1.335,0.3057,17.25,133.86,116.63,262.62,17.89,,,,
513126,(1998 QP),60600,1.786,0.5826,9.35,78.46,326.43,325.88,21.71,,,,
390929,(2005 GP21),60600,1.308,0.2246,18.8,1.42,9.99,195.68,20.44,,,,
451297,(2010 TK54),60600,1.84,0.496,30.79,223.01,28.14,316.01,19.19,,,,
505178,(2012 TV78),60600,1.816,0.5488,7.47,244.94,251.75,268.57,19.46,,,,
444584,(2006 UK),60600,1.494,0.5389,4.75,252.35,243.92,255.97,20.25,,,,
452807,(2006 KV89),60600,1.15,0.2726,3.55,87.81,71.69,19.64,21.52,,,,
418135,(2008 AG33),60600,1.459,0.3367,16.01,155.54,38.29,156.61,19.36,,,,
482766,(2013 GF69),60600,1.967,0.4976,10.01,153.19,174.89,357.04,19.45,,,,
509191,(2006 OC5),60600,2.402,0.6521,4.74,245.8,149.09,305.36,19.25,,,,
506732,(2006 VW2),60600,1.236,0.2944,10.05,299.68,229.77,290.05,21.32,,,,
484402,(2007 XH16),60600,1.187,0.2348,27.43,58.32,91.27,323.0,19.68,,,,
302831,(2003 FH),60600,1.389,0.5406,25.8,274.37,24.12,5.07,19.12,,,,
483989,(2006 CY10),60600,1.96,0.4841,6.77,167.39,32.5,274.89,20.4,,,,
671970,(2014 QO296),60600,1.835,0.4701,10.94,30.72,193.51,59.12,20.15,,,,
675603,(2015 XE352),60600,1.335,0.3891,2.05,225.54,45.18,45.42,20.94,,,,
417634,(2006 XG1),60600,2.458,0.5958,20.5,344.14,38.46,232.29,18.57,,,,
377732,(2005 XJ8),60600,1.931,0.6204,23.56,67.46,115.79,337.57,17.07,,,,
185851,(2000 DP107),60600,1.365,0.3765,8.67,289.77,358.65,62.22,18.32,,,,
620094,(2016 AJ193),60600,3.261,0.8163,22.57,82.14,331.16,185.53,18.98,,,,
468005,(2012 XD112),60600,1.323,0.3658,3.72,76.79,97.77,234.88,21.18,,,,
152664,(1998 FW4),60600,2.525,0.7143,3.42,85.47,353.6,264.0,19.68,,,,
226514,(2003 UX34),60600,1.095,0.6159,2.56,218.58,4.3,241.15,20.2,,,,
136617,(1994 CC),60600,1.638,0.4169,4.68,24.92,268.51,103.64,17.97,,,,
14827, 14827 Hypnos (1986 JK),60600,2.841,0.6649,1.98,238.19,57.93,21.63,18.75,,,,
161989,Cacus (1978 CA),60600,1.123,0.2139,26.06,102.09,161.21,338.81,17.31,,,,
172678,(2003 YM137),60600,2.559,0.7028,2.82,131.02,73.98,326.04,18.95,,,,
439437,(2013 NK4),60600,1.023,0.5499,6.55,50.57,33.7,233.0,18.94,,,,
533372,(2014 GG17),60600,1.367,0.3525,39.15,239.58,195.28,297.85,20.17,,,,
163249,(2002 GT),60600,1.344,0.3347,6.97,135.14,201.73,59.89,18.71,,,,
612780,(2004 MD),60600,1.917,0.5365,9.77,124.28,85.39,255.42,20.16,,,,
314082,Dryope (2005 CZ36),60600,2.235,0.5766,16.18,139.53,116.62,272.32,17.5,,,,
159857,(2004 LJ1),60600,2.263,0.5935,23.15,140.02,235.54,319.37,15.47,,,,
140288,(2001 SN289),60600,1.784,0.5082,53.19,225.64,357.06,344.42,16.74,,,,
528804,(2009 BJ58),60600,1.849,0.7127,13.02,85.94,131.14,61.52,19.05,,,,
152770,(1999 RR28),60600,1.879,0.6542,7.14,284.58,178.16,231.9,18.41,,,,
85182, 85182 (1991 AQ),60600,2.22,0.7777,3.12,243.23,339.4,59.27,17.13,,,,
679786,(2020 QG3),60600,2.089,0.5654,7.43,229.76,186.56,113.31,21.21,,,,
277570,(2005 YP180),60600,1.372,0.617,4.11,92.47,288.91,276.63,19.34,,,,
388188,(2006 DP14),60600,1.365,0.7762,11.77,59.34,317.11,277.05,19.0,,,,
418094,(2007 WV4),60600,1.486,0.4407,38.34,297.67,249.86,50.43,19.67,,,,
448721,(2011 BN24),60600,1.544,0.4125,3.94,61.85,195.74,328.23,20.98,,,,
474163,(1999 SO5),60600,1.086,0.0653,13.37,359.7,196.06,214.77,20.99,,,,
162825,(2001 BO61),60600,1.773,0.7444,9.07,79.16,159.52,338.79,17.97,,,,
164216,(2004 OT11),60600,2.153,0.5651,19.99,326.6,294.89,167.15,17.29,,,,
52760, 52760 (1998 ML14),60600,2.409,0.6233,2.43,20.37,338.68,347.09,17.5,,,,
333521,(2005 PO),60600,1.252,0.3731,12.51,249.55,300.48,346.44,20.08,,,,
669051,(2012 SD22),60600,1.964,0.5727,7.91,313.83,140.22,105.48,20.06,,,,
86819, 86819 (2000 GK137),60600,1.995,0.5059,10.06,150.3,164.88,212.48,17.47,,,,
496817,(1989 VB),60600,1.862,0.4601,2.18,330.92,37.85,278.4,19.99,,,,
307005,(2001 XP1),60600,2.89,0.7528,39.21,246.31,268.07,215.45,18.14,,,,
8014,  8014 (1990 MF),60600,1.747,0.456,1.87,114.73,209.84,291.48,18.88,,,,
441987,(2010 NY65),60600,1.003,0.3701,11.54,252.07,267.92,175.65,21.36,,,,
194006,(2001 SG10),60600,1.449,0.4243,4.26,101.62,184.93,114.85,20.46,,,,
374158,(2004 UL),60600,1.266,0.9266,23.85,149.68,39.47,319.04,18.67,,,,
485652,(2011 WO41),60600,3.024,0.7292,20.14,126.39,111.08,150.8,16.6,,,,
186844,(2004 GA1),60600,2.43,0.6726,7.77,54.63,261.48,114.88,17.43,,,,
483432,(2001 DF47),60600,1.215,0.3708,18.47,260.28,146.62,293.85,20.44,,,,
430804,(2005 AD13),60600,1.949,0.7549,12.38,263.66,102.74,115.72,17.89,,,,
462959,(2011 DU),60600,1.172,0.3178,2.95,120.2,176.87,164.01,21.11,,,,
388945,(2008 TZ3),60600,1.592,0.3919,8.69,219.68,43.95,61.87,20.45,,,,
673011,(2015 AR45),60600,1.385,0.7013,9.23,239.63,114.35,38.07,20.0,,,,
385605,(2005 EJ225),60600,1.706,0.5736,8.86,290.71,341.99,230.95,18.95,,,,
620063,(2009 DH39),60600,1.849,0.6001,53.69,68.25,155.39,58.35,18.77,,,,
16960, 16960 (1998 QS52),60600,2.201,0.859,17.52,243.25,260.15,308.68,14.42,,,,
67381, 67381 (2000 OL8),60600,1.321,0.543,10.67,266.96,294.84,38.01,19.8,,,,
481457,(2006 XD2),60600,1.267,0.4251,3.56,109.53,65.59,136.97,21.12,,,,
454100,(2013 BO73),60600,1.331,0.4182,4.54,298.15,24.78,356.14,20.18,,,,
143404,(2003 BD44),60600,1.968,0.6075,2.66,89.36,181.18,242.26,16.95,,,,
500080,(2011 WV134),60600,2.795,0.6753,6.02,25.9,157.64,250.63,17.22,,,,
337075,(1998 QC1),60600,1.984,0.5901,9.65,115.47,308.34,101.77,19.81,,,,
415029,(2011 UL21),60600,2.123,0.6536,34.89,285.0,275.32,50.22,15.94,,,,
506491,(2003 UW29),60600,1.17,0.8386,3.76,55.27,196.48,255.96,20.77,,,,
265482,(2005 EE),60600,1.129,0.3277,6.17,284.75,110.78,214.47,21.21,,,,
438955,(2010 LN14),60600,1.154,0.4746,1.47,33.25,342.96,138.77,21.01,,,,
137126,(1999 CF9),60600,1.772,0.6012,5.55,90.54,156.87,280.89,18.14,,,,
387505,(1998 KN3),60600,1.542,0.8734,2.29,71.25,313.24,248.78,18.78,,,,
453729,(2011 BO24),60600,1.381,0.278,20.37,178.61,91.47,40.06,18.81,,,,
488490,(2000 AF205),60600,1.035,0.277,2.41,127.51,219.9,292.48,21.9,,,,
465892,(2010 UT7),60600,1.584,0.6605,25.43,277.34,65.75,28.06,19.7,,,,
438105,(2005 GO22),60600,1.914,0.8234,1.56,19.09,61.76,153.06,18.77,,,,
152754,(1999 GS6),60600,1.191,0.4974,2.02,134.97,314.42,283.4,19.31,,,,
458122,(2010 EW45),60600,2.067,0.669,2.12,135.58,232.92,353.6,17.61,,,,
523813,(2008 VB1),60600,1.278,0.2751,10.32,136.98,50.35,264.03,20.65,,,,
163683,(2002 YP2),60600,1.577,0.6881,20.63,281.41,52.46,31.53,19.09,,,,
620056,(2004 UR1),60600,2.175,0.6164,4.08,73.45,250.92,99.22,20.53,,,,
424482,(2008 DG5),60600,1.255,0.2426,5.71,59.72,244.01,166.89,19.68,,,,
620055,(2003 BK47),60600,2.749,0.7062,20.66,235.34,138.78,318.54,17.76,,,,
377097,(2002 WQ4),60600,1.958,0.5564,3.94,244.62,266.87,320.91,19.69,,,,
365071,(2009 AV),60600,1.03,0.0739,45.87,322.13,150.73,79.79,18.18,,,,
4034,  4034 Vishnu (1986 PA),60600,1.06,0.4441,11.17,296.7,157.89,260.4,18.52,,,,
428209,(2006 VC),60600,1.942,0.492,12.25,19.22,87.53,207.28,20.12,,,,
187040,(2005 JS108),60600,1.355,0.3222,6.04,244.0,110.84,28.42,19.23,,,,
660096,(1998 SL36),60600,1.391,0.4181,19.06,116.8,353.08,253.3,20.23,,,,
481482,(2007 CA19),60600,2.808,0.8215,9.6,102.6,169.92,256.19,17.58,,,,
496013,(2008 EL6),60600,1.728,0.481,13.14,38.41,177.66,93.8,21.0,,,,
488453,(1994 XD),60600,2.344,0.7337,4.33,249.55,96.02,122.74,19.24,,,,
173561,(2000 YV137),60600,1.448,0.3109,28.0,211.38,137.22,330.3,18.36,,,,
136849,(1998 CS1),60600,1.492,0.5785,7.79,97.8,110.68,204.65,17.72,,,,
389694,(2011 QD48),60600,1.545,0.4921,19.07,106.79,358.79,216.68,18.2,,,,
207945,(1991 JW),60600,1.039,0.1186,8.71,301.95,53.85,92.1,19.6,,,,
489486,(2007 GS3),60600,1.061,0.1291,15.09,61.07,215.39,306.17,19.4,,,,
363599,(2004 FG11),60600,1.587,0.7236,3.14,228.81,83.45,69.5,21.04,,,,
4769,  4769 Castalia (1989 PB),60600,1.063,0.4832,8.88,121.44,325.51,324.11,17.5,,,,
290772,(2005 VC),60600,2.085,0.5929,4.49,290.38,227.79,27.83,17.47,,,,
162979,(2001 RA12),60600,2.037,0.5441,17.09,326.05,311.58,359.93,18.29,,,,
523775,(2014 YB35),60600,1.877,0.4833,12.64,188.64,3.72,256.67,19.11,,,,
417612,(2006 WQ29),60600,1.601,0.3938,8.07,136.61,111.97,114.76,18.44,,,,
163026,(2001 XR30),60600,1.297,0.3652,11.86,294.5,247.85,106.07,21.23,,,,
152560,(1991 BN),60600,1.443,0.3979,3.45,80.99,268.81,256.49,19.23,,,,
366774,(2004 TB18),60600,1.815,0.4507,13.2,13.18,120.98,10.58,17.87,,,,
450270,(2004 AE),60600,1.432,0.3326,18.72,193.19,307.56,30.6,20.6,,,,
526670,(2006 UL217),60600,1.43,0.3486,9.92,310.12,45.18,201.09,20.75,,,,
206910,(2004 NL8),60600,2.574,0.7156,5.02,278.14,150.9,302.11,17.28,,,,
8566,  8566 (1996 EN),60600,1.506,0.4302,37.97,125.13,164.12,90.11,16.48,,,,
530974,(2012 BN11),60600,1.457,0.395,4.36,69.77,153.71,39.68,20.77,,,,
137120,(1999 BJ8),60600,1.901,0.549,8.97,222.0,339.46,272.88,18.3,,,,
85585, 85585 Mjolnir (1998 FG2),60600,1.298,0.3563,4.08,95.42,2.31,37.53,21.64,,,,
12923, 12923 Zephyr (1999 GK4),60600,1.963,0.4918,5.3,147.13,168.17,51.56,15.82,,,,
3671,  3671 Dionysus (1984 KD),60600,2.2,0.542,13.54,204.33,82.05,131.35,16.5,,,,
466508,(2014 GY48),60600,1.61,0.4187,39.63,212.8,37.62,29.81,18.72,,,,
504800,(2010 CO1),60600,1.013,0.2179,24.02,252.71,351.56,78.84,21.48,,,,
331876,(2004 CL),60600,1.284,0.5362,13.31,274.69,109.39,123.38,20.56,,,,
9856,  9856 (1991 EE),60600,2.242,0.6258,9.83,116.18,168.11,314.61,17.11,,,,
363067,(2000 CO101),60600,1.076,0.0901,15.32,64.95,353.03,125.28,19.21,,,,
7822,  7822 (1991 CS),60600,1.123,0.1646,37.12,249.45,156.84,182.35,17.34,,,,
612522,(2002 VP69),60600,2.019,0.527,10.12,189.04,306.83,202.97,18.23,,,,
175729,(1998 BB10),60600,1.271,0.4246,11.54,259.25,124.27,280.61,20.44,,,,
228368,(2000 WK10),60600,1.479,0.702,14.73,244.51,57.93,150.9,18.63,,,,
382758,(2003 GY),60600,1.38,0.3172,4.67,334.15,321.79,36.0,20.19,,,,
482650,(2013 BK18),60600,1.626,0.4947,28.88,64.68,137.69,217.81,19.68,,,,
436774,(2012 KY3),60600,1.232,0.4864,21.39,87.25,21.51,78.98,18.41,,,,
162695,(2000 UL11),60600,2.122,0.6354,2.19,152.12,333.18,246.49,20.2,,,,
314212,(2005 NJ1),60600,2.132,0.6511,6.46,82.62,316.16,45.75,18.57,,,,
85938, 85938 (1999 DJ4),60600,1.853,0.4846,9.14,197.79,19.87,41.94,18.73,,,,
503861,(1998 WZ1),60600,2.163,0.5566,4.31,137.37,344.84,35.72,19.97,,,,
220839,(2004 VA),60600,1.901,0.5949,3.69,43.48,109.45,180.72,17.46,,,,
7335,  7335 (1989 JA),60600,1.772,0.4846,15.17,232.27,61.28,349.17,17.7,,,,
523732,(2014 PG51),60600,1.206,0.4528,3.79,294.16,275.74,311.74,20.66,,,,
455148,(1994 UG),60600,1.239,0.2929,5.21,225.47,13.6,42.93,21.12,,,,
138971,(2001 CB21),60600,1.034,0.3334,7.92,271.93,353.67,115.89,18.52,,,,
612786,(2004 PJ2),60600,1.418,0.3421,2.58,281.78,317.1,23.99,21.57,,,,
255071,(2005 UH6),60600,1.001,0.6325,2.64,200.25,19.29,53.56,18.36,,,,
476601,(2008 SE85),60600,1.626,0.5251,29.61,294.9,177.42,228.98,19.8,,,,
141593,(2002 HK12),60600,2.002,0.5287,2.35,2.25,306.98,301.23,18.32,,,,
216258,(2006 WH1),60600,1.671,0.4849,2.63,263.68,240.31,65.58,20.33,,,,
152978,(2000 GJ147),60600,1.162,0.2367,25.01,240.8,57.85,134.02,19.57,,,,
612924,(2005 CL),60600,1.986,0.7547,4.45,298.57,318.37,338.02,20.29,,,,
444004,(2004 AS1),60600,1.07,0.1744,17.21,262.12,322.53,174.8,20.67,,,,
6489,  6489 Golevka (1991 JX),60600,2.484,0.6151,2.27,68.66,209.42,151.88,19.22,,,,
465633,(2009 JR5),60600,1.252,0.3514,3.95,309.95,128.18,139.11,20.44,,,,
68216, 68216 (2001 CV26),60600,1.32,0.3267,17.99,48.74,18.13,301.79,16.62,,,,
678976,(2018 EH4),60600,2.06,0.6126,6.19,75.23,2.83,104.41,21.68,,,,
6037,  6037 (1988 EG),60600,1.272,0.4997,3.51,242.32,182.18,249.72,18.87,,,,
535844,(2015 BY310),60600,1.587,0.4008,4.79,229.53,328.41,277.7,21.89,,,,
86039, 86039 (1999 NC43),60600,1.76,0.5789,7.13,120.81,311.62,217.35,15.97,,,,
657084,(2016 GT220),60600,1.608,0.3799,23.65,27.02,3.09,244.19,17.83,,,,
53426, 53426 (1999 SL5),60600,1.923,0.5391,22.77,43.36,239.06,167.9,17.19,,,,
539063,(2016 MK1),60600,1.5,0.716,10.78,240.7,178.3,94.81,19.12,,,,
68548, 68548 (2001 XR31),60600,1.707,0.4368,22.72,24.71,302.02,186.5,16.57,,,,
511684,(2015 BN509),60600,1.007,0.5685,4.15,143.2,120.08,166.2,20.79,,,,
612012,(1983 LC),60600,2.603,0.7146,1.56,184.9,159.69,270.7,19.47,,,,
516154,(2016 CL32),60600,1.543,0.4601,12.21,292.95,123.49,214.31,19.35,,,,
100085,(1992 UY4),60600,2.651,0.619,2.64,42.24,305.18,158.29,17.89,,,,
523589,(2001 HA4),60600,2.69,0.7934,17.18,95.66,354.01,134.96,17.79,,,,
445974,(2013 BJ18),60600,1.478,0.364,3.71,159.61,90.82,98.51,20.29,,,,
37655, 37655 Illapa (1994 PM),60600,1.478,0.7525,18.03,303.9,139.52,254.99,17.85,,,,
508774,(1999 JE1),60600,1.323,0.7017,20.91,302.74,53.06,214.12,20.08,,,,
524475,(2002 KJ4),60600,2.271,0.557,27.92,155.48,75.52,207.24,19.36,,,,
154269,(2002 SM),60600,1.872,0.4865,14.4,217.51,10.78,300.04,17.87,,,,
5011,  5011 Ptah (6743 P-L),60600,1.636,0.5001,7.41,105.94,10.63,173.66,16.7,,,,
192559,(1998 VO),60600,1.075,0.2266,10.06,75.97,228.12,182.11,20.43,,,,
35107, 35107 (1991 VH),60600,1.137,0.1442,13.91,206.96,139.34,100.55,16.91,,,,
613450,(2006 PY17),60600,1.895,0.6404,2.85,133.19,309.91,303.7,19.3,,,,
410778,(2009 FG19),60600,2.912,0.7191,54.5,120.4,187.51,17.41,18.14,,,,
524594,(2003 NW1),60600,2.424,0.6432,6.16,118.89,265.02,207.85,18.68,,,,
137427,(1999 TF211),60600,2.44,0.6116,39.49,162.38,347.91,132.56,15.29,,,,
454094,(2013 BZ45),60600,1.015,0.1448,11.85,98.76,131.05,96.2,21.87,,,,
194268,(2001 UY4),60600,1.453,0.7875,5.44,107.81,160.69,74.45,18.34,,,,
4953,  4953 (1990 MU),60600,1.621,0.6574,24.38,77.93,77.53,285.02,14.94,,,,
196068,(2002 TW55),60600,2.118,0.6645,59.35,251.12,33.54,85.27,18.13,,,,
140158,(2001 SX169),60600,1.347,0.4608,2.52,42.73,126.78,94.39,18.48,,,,
154019,(2002 CZ9),60600,1.325,0.3601,4.97,80.88,142.84,264.53,22.07,,,,
1862,  1862 Apollo (1932 HA),60600,1.471,0.5599,6.35,286.03,35.56,252.87,16.08,0.09,,,
482798,(2013 QK48),60600,1.586,0.8298,18.97,47.18,141.41,269.75,18.36,,,,
162510,(2000 QW69),60600,1.376,0.3023,38.14,220.73,344.33,91.4,17.6,,,,
533671,(2014 LJ21),60600,2.889,0.8956,24.28,302.9,126.58,51.35,15.9,,,,
620092,(2015 HB10),60600,1.853,0.5716,5.7,79.69,6.12,346.91,18.4,,,,
217430,(2005 SN25),60600,1.23,0.2706,13.01,45.2,168.27,121.18,19.64,,,,
6239,  6239 Minos (1989 QF),60600,1.151,0.4126,3.94,239.77,344.53,224.5,18.61,,,,
518678,(2008 UZ94),60600,2.191,0.5725,30.25,159.72,248.22,322.94,17.38,,,,
163818,(2003 RX7),60600,1.229,0.3545,10.39,245.91,241.01,68.68,18.46,,,,
417871,(2007 MB24),60600,1.876,0.6999,47.71,269.13,271.11,288.97,18.32,,,,
668949,(2012 PP28),60600,1.989,0.6067,5.67,133.68,254.05,100.32,19.27,,,,
496005,(2007 XJ16),60600,2.258,0.5563,6.23,32.99,309.06,32.92,19.1,,,,
523650,(2011 GQ61),60600,1.59,0.4121,65.16,155.09,333.51,279.23,18.59,,,,
466130,(2012 FZ23),60600,2.483,0.6104,75.62,358.13,179.33,71.08,18.25,,,,
163364,(2002 OD20),60600,1.365,0.3689,4.19,275.35,259.85,84.09,18.91,,,,
399457,(2002 PD43),60600,2.507,0.9563,25.94,210.99,315.04,223.99,19.3,,,,
12538, 12538 (1998 OH),60600,1.542,0.4058,24.54,321.79,220.69,317.04,15.97,,,,
525229,(2004 UU1),60600,1.226,0.2732,29.97,113.63,217.76,295.27,21.17,,,,
526878,(2007 FE),60600,1.794,0.457,7.0,135.21,122.62,90.4,19.38,,,,
551685,(2013 HT15),60600,1.101,0.4229,2.92,315.92,23.28,265.36,21.82,,,,
329614,(2003 KU2),60600,2.69,0.677,5.4,246.81,105.21,272.06,17.79,,,,
366746,(2004 LJ),60600,1.087,0.4614,18.28,256.1,246.69,52.2,20.16,,,,
484976,(2009 UN3),60600,2.328,0.5756,37.43,338.75,141.96,54.94,18.52,,,,
446791,(1998 SJ70),60600,2.237,0.7056,7.3,246.99,21.43,304.35,18.52,,,,
138404,(2000 HA24),60600,1.139,0.3186,2.16,142.2,309.35,139.8,19.4,,,,
523598,(2003 ED50),60600,1.416,0.547,33.72,94.01,173.48,258.77,20.77,,,,
422699,(2000 PD3),60600,1.999,0.592,7.7,110.23,298.64,171.27,18.28,,,,
523934,(1998 FF14),60600,1.253,0.3123,38.69,301.12,359.83,251.74,20.62,,,,
612989,(2005 LW39),60600,1.988,0.7156,28.47,275.19,251.45,341.28,20.0,,,,
483508,(2003 CR1),60600,1.453,0.4628,12.72,101.97,310.93,179.82,20.02,,,,
417816,(2007 FA),60600,1.25,0.2657,16.33,135.44,156.4,132.23,20.27,,,,
509935,(2009 QL8),60600,1.931,0.5409,4.24,339.66,84.47,202.68,19.54,,,,
90075, 90075 (2002 VU94),60600,2.136,0.5755,8.91,30.77,226.73,128.37,15.37,,,,
531914,(2013 BW76),60600,2.058,0.5337,40.36,0.56,58.22,350.41,18.37,,,,
175706,(1996 FG3),60600,1.055,0.3501,1.97,24.06,299.5,32.72,18.32,,,,
363305,(2002 NV16),60600,1.239,0.2208,3.5,179.24,183.26,12.5,21.41,,,,
612326,(2002 CD14),60600,1.779,0.5793,2.89,141.32,127.6,149.31,20.42,,,,
612227,(2001 QC34),60600,1.129,0.1876,6.24,215.47,271.45,332.57,20.2,,,,
153002,(2000 JG5),60600,1.341,0.7961,31.43,233.45,213.04,307.51,18.28,,,,
416591,(2004 LC2),60600,1.865,0.7347,10.98,290.72,84.25,333.82,18.66,,,,
612856,(2004 TP1),60600,1.291,0.3892,7.49,87.86,30.02,182.75,20.75,,,,
358744,(2008 CR118),60600,1.842,0.5118,3.92,157.22,121.42,180.3,18.99,,,,
385252,(2001 EB18),60600,1.053,0.1837,50.06,101.92,155.46,231.63,19.41,,,,
111253,(2001 XU10),60600,1.754,0.4394,42.02,6.97,310.15,62.23,15.28,,,,
510529,(2012 EY11),60600,1.148,0.1508,9.02,238.88,167.58,185.06,21.58,,,,
477519,(2010 DJ56),60600,1.25,0.2453,34.84,309.28,149.91,231.65,19.15,,,,
4450,  4450 Pan (1987 SY),60600,1.443,0.5866,5.52,291.94,311.7,192.17,17.28,,,,
363790,(2005 JE46),60600,1.903,0.5523,8.27,114.77,238.33,90.46,17.85,,,,
386847,(2010 LR33),60600,1.692,0.4625,5.83,333.22,352.07,169.15,18.06,,,,
89136, 89136 (2001 US16),60600,1.356,0.253,1.91,67.2,175.9,332.59,20.28,,,,
480858,(2001 PT9),60600,1.468,0.4552,7.18,261.65,329.97,51.99,20.96,,,,
672457,(2014 UR116),60600,2.07,0.7278,6.57,286.96,5.81,142.7,19.8,,,,
230549,(2003 BH),60600,1.457,0.3561,13.11,313.41,119.76,158.58,20.78,,,,
304330,(2006 SX217),60600,1.412,0.3103,21.04,176.24,32.6,92.72,18.9,,,,
375103,(2007 TD71),60600,1.286,0.2799,49.75,220.75,49.58,308.16,18.5,,,,
430440,(2000 OH),60600,2.421,0.5931,18.75,355.55,283.62,156.99,17.67,,,,
375054,(2007 PF6),60600,1.298,0.4164,25.6,251.27,316.33,279.71,20.81,,,,
672745,(2014 WV363),60600,1.846,0.5158,5.53,210.03,77.95,18.13,19.05,,,,
226554,(2003 WR21),60600,1.118,0.2615,9.27,108.11,85.76,123.09,19.62,,,,
199145,(2005 YY128),60600,1.649,0.7323,3.77,315.17,299.96,261.48,18.28,,,,
511008,(2013 PX6),60600,2.597,0.6515,13.66,229.7,187.37,225.56,18.55,,,,
523656,(2011 WO4),60600,1.738,0.4977,60.94,235.99,225.18,206.67,19.29,,,,
1620,  1620 Geographos (1951 RA),60600,1.246,0.3356,13.34,277.01,337.15,289.36,15.27,,,,
523788,(2015 FP118),60600,2.121,0.5497,2.68,108.16,201.34,1.51,19.48,,,,
525356,(2005 BG14),60600,1.993,0.7275,21.68,281.04,94.91,24.82,18.69,,,,
162998,(2001 SK162),60600,1.926,0.4743,1.68,186.45,285.29,181.51,18.17,,,,
162783,(2000 YJ11),60600,1.314,0.2323,7.26,339.16,64.92,327.02,20.91,,,,
170903,(2004 WS2),60600,1.336,0.6031,8.27,115.46,87.67,267.96,18.23,,,,
612342,(2002 FC),60600,2.822,0.666,6.76,195.23,50.1,249.51,19.16,,,,
214869,(2007 PA8),60600,2.849,0.653,2.0,293.85,141.3,175.77,16.51,,,,
337558,(2001 SG262),60600,1.962,0.5829,4.82,100.26,359.03,115.78,19.44,,,,
267494,(2002 JB9),60600,2.719,0.7843,46.76,278.0,70.21,341.38,16.18,,,,
419624,(2010 SO16),60600,1.004,0.0754,14.51,109.24,40.35,202.51,20.44,,,,
494697,(2004 SW55),60600,1.428,0.334,8.79,352.85,75.12,241.22,20.77,,,,
349507,(2008 QY),60600,1.168,0.5817,13.56,254.9,1.91,338.34,18.5,,,,
443880,(2001 UZ16),60600,1.76,0.4263,12.67,28.63,323.1,320.12,19.38,,,,
513489,(2009 EV),60600,1.728,0.5235,17.0,250.28,138.55,25.45,20.12,,,,
232691,(2004 AR1),60600,1.576,0.4695,9.08,50.31,336.51,206.69,19.86,,,,
153220,(2000 YN29),60600,2.542,0.6683,6.23,142.59,64.22,288.37,17.41,,,,
529668,(2010 JL33),60600,2.677,0.735,5.38,309.89,52.45,70.72,17.89,,,,
153958,(2002 AM31),60600,1.703,0.4515,4.64,197.96,144.37,166.89,18.36,,,,
719194,(2018 PL23),60600,1.567,0.787,14.35,293.68,178.29,341.87,19.87,,,,
494690,(2004 JQ1),60600,1.193,0.45,32.83,272.66,77.05,168.24,20.1,,,,
163051,(2001 YJ4),60600,2.274,0.5676,9.29,322.44,247.77,208.69,16.4,,,,
85990, 85990 (1999 JV6),60600,1.008,0.3111,5.36,235.57,124.3,312.19,20.27,,,,
516155,(2016 DP),60600,1.023,0.4771,13.33,254.01,54.36,32.94,20.11,,,,
409836,(2006 QY110),60600,1.924,0.5741,6.4,221.63,222.61,261.88,18.07,,,,
530085,(2010 XC11),60600,2.519,0.8492,9.12,121.47,94.09,139.28,18.76,,,,
434096,(2002 GO5),60600,1.896,0.7679,13.77,65.35,22.6,244.76,18.15,,,,
382395,(1990 SM),60600,2.106,0.7639,11.61,107.74,136.17,81.91,16.46,,,,
250620,(2005 GE59),60600,2.109,0.6025,16.08,243.02,194.74,196.79,18.07,,,,
154330,(2002 VX94),60600,1.477,0.4086,7.16,215.23,320.06,353.41,18.19,,,,
506859,(2007 VW137),60600,2.236,0.7348,5.83,247.48,297.4,351.64,18.25,,,,
465617,(2009 EK1),60600,1.241,0.229,9.12,21.87,358.38,230.0,21.36,,,,
163014,(2001 UA5),60600,1.787,0.4456,9.94,27.68,58.62,207.87,17.75,,,,
365014,(2008 OX2),60600,1.048,0.6019,6.65,252.03,220.11,293.32,20.1,,,,
459683,(2013 MY5),60600,1.662,0.4532,3.0,279.04,102.88,61.87,19.79,,,,
367248,(2007 MK13),60600,1.025,0.1397,19.88,259.97,95.08,185.35,20.21,,,,
447755,(2007 JX2),60600,1.708,0.5261,4.22,87.95,44.31,320.24,19.77,,,,
518847,(2010 DM),60600,2.081,0.8399,5.0,221.04,140.75,8.79,19.02,,,,
518810,(2010 CF19),60600,1.193,0.27,7.18,265.31,154.71,142.87,21.85,,,,
612536,(2003 AA3),60600,1.421,0.2893,13.78,347.03,106.38,311.8,20.3,,,,
439877,(1999 XM141),60600,1.236,0.3691,21.62,105.8,72.98,337.8,19.69,,,,
164211,(2004 JA27),60600,1.666,0.4233,2.26,270.22,67.76,128.89,19.5,,,,
162882,(2001 FD58),60600,1.092,0.5752,6.5,46.02,341.15,348.46,18.8,,,,
471241,(2011 BX18),60600,2.872,0.7312,14.62,304.22,310.56,253.95,18.58,,,,
434188,(2003 AD23),60600,1.645,0.7627,23.34,241.67,101.48,152.29,19.09,,,,
311044,(2004 BB103),60600,1.908,0.622,55.86,71.49,271.07,332.19,17.11,,,,
267729,(2003 FC5),60600,1.917,0.6087,5.83,271.26,188.76,64.82,18.46,,,,
217628,Lugh (1990 HA),60600,2.527,0.7115,4.44,316.15,177.75,160.51,16.68,,,,
138727,(2000 SU180),60600,2.105,0.6052,11.92,136.32,327.89,289.27,19.34,,,,
504256,(2006 VD13),60600,1.948,0.4837,11.71,162.89,313.94,185.93,19.07,,,,
221980,(1996 EO),60600,1.342,0.4008,21.59,64.69,356.46,213.52,19.11,,,,
22753, 22753 (1998 WT),60600,1.219,0.5699,3.2,324.8,307.36,165.33,17.69,,,,
143992,(2004 AF),60600,1.971,0.5538,27.13,57.98,315.62,205.38,16.16,,,,
162687,(2000 UH1),60600,1.875,0.5436,14.77,40.97,76.13,92.72,18.76,,,,
510055,(2010 FH81),60600,1.226,0.2105,16.8,158.31,84.6,223.8,21.51,,,,
250706,(2005 RR6),60600,2.957,0.7011,6.93,59.96,27.27,258.29,18.55,,,,
136795,Tatsunokingo (1997 BQ),60600,1.747,0.478,10.99,147.57,50.13,340.73,18.11,,,,
455176,(1999 VF22),60600,1.313,0.7388,3.92,271.98,3.22,243.48,20.7,,,,
26663, 26663 (2000 XK47),60600,1.546,0.4717,13.53,231.23,303.59,108.78,18.19,,,,
621890,(2011 PO1),60600,2.515,0.6346,5.74,166.79,210.64,98.78,20.91,,,,
141525,(2002 FV5),60600,1.087,0.7245,34.04,308.11,38.84,251.11,18.07,,,,
11500, 11500 Tomaiyowit (1989 UR),60600,1.08,0.3558,10.31,289.52,234.39,323.61,18.37,,,,
679814,(2020 TH5),60600,1.425,0.3985,4.6,326.46,175.77,54.43,21.04,,,,
612813,(2004 RF84),60600,2.164,0.6038,23.29,122.61,344.52,71.76,18.38,,,,
359170,(2009 CN5),60600,1.545,0.4655,11.91,53.25,349.71,97.78,19.95,,,,
419880,(2011 AH37),60600,2.548,0.6721,9.66,322.4,102.04,156.59,19.83,,,,
216115,(2006 SU19),60600,1.527,0.5864,2.09,10.63,152.22,92.91,18.94,,,,
618350,(2021 PS2),60600,1.554,0.4735,7.92,79.01,163.29,257.34,19.92,,,,
235756,(2004 VC),60600,1.133,0.2589,39.15,94.18,194.16,257.83,18.58,,,,
154275,(2002 SR41),60600,1.084,0.4907,11.58,258.2,247.77,119.73,20.13,,,,
368565,(2004 FE5),60600,1.245,0.6005,18.3,243.47,189.4,337.8,20.09,,,,
418849,(2008 WM64),60600,1.006,0.1064,33.52,256.77,91.43,5.97,20.47,,,,
679655,(2020 BS12),60600,1.49,0.7457,4.63,90.29,311.97,241.41,20.11,,,,
533722,(2014 NE52),60600,2.385,0.6585,3.86,337.61,54.52,256.99,18.21,,,,
90403, 90403 (2003 YE45),60600,1.234,0.2802,19.01,306.85,286.23,341.08,17.78,,,,
627157,(2008 OX1),60600,1.206,0.2776,29.74,281.35,304.82,138.09,21.5,,,,
192563,(1998 WZ6),60600,1.452,0.4078,24.76,110.75,68.68,226.25,17.34,,,,
495187,(2012 VO76),60600,1.204,0.215,36.95,297.36,229.47,272.72,21.05,,,,
85774, 85774 (1998 UT18),60600,1.403,0.3288,13.59,50.15,64.62,178.64,19.1,,,,
382745,(2003 CC),60600,1.501,0.3268,2.32,103.24,136.29,225.18,20.41,,,,
413989,(2007 EL88),60600,1.12,0.5218,30.84,116.16,198.44,235.72,19.07,,,,
499582,(2010 TH19),60600,1.464,0.3101,6.83,201.5,254.2,277.3,20.53,,,,
349068,(2006 YT13),60600,1.323,0.4258,38.24,105.45,116.69,205.04,18.34,,,,
455299,(2002 EL6),60600,2.304,0.5779,9.53,186.71,84.87,145.71,18.05,,,,
505657,(2014 SR339),60600,1.299,0.3038,29.79,299.64,138.74,217.16,18.48,,,,
434677,(2006 BZ7),60600,1.49,0.3665,68.42,188.79,262.95,101.09,17.46,,,,
523816,(2009 ST103),60600,2.701,0.7184,15.74,234.66,226.45,126.3,18.14,,,,
3757,  3757 Anagolay (1982 XB),60600,1.834,0.4459,3.87,17.24,74.93,293.7,19.04,,,,
429094,(2009 SG2),60600,1.121,0.1702,25.98,252.98,9.07,327.8,20.06,,,,
451370,(2011 AK5),60600,1.188,0.2308,5.52,325.69,316.78,57.9,21.48,,,,
405762,(2005 YO180),60600,1.481,0.448,5.77,87.75,7.72,181.6,20.29,,,,
189865,(2003 NC),60600,1.406,0.8055,21.57,224.33,288.39,315.33,19.46,,,,
514568,(1994 RC),60600,2.264,0.6036,4.76,286.54,344.25,313.52,19.22,,,,
378358,(2007 LD),60600,1.726,0.4393,16.51,316.98,226.16,257.82,19.32,,,,
153311,(2001 MG1),60600,2.502,0.6459,28.4,218.52,142.33,304.13,17.4,,,,
289315,(2005 AN26),60600,2.32,0.6379,4.92,208.49,175.79,238.91,18.51,,,,
141851,(2002 PM6),60600,1.198,0.8501,19.13,224.53,304.0,11.09,17.81,,,,
152561,(1991 RB),60600,1.454,0.4857,19.58,68.96,359.29,279.78,19.1,,,,
29075, 29075 (1950 DA),60600,1.699,0.5077,12.16,224.76,356.59,223.31,17.29,,,,
68346, 68346 (2001 KZ66),60600,1.507,0.4166,16.7,140.29,219.37,133.79,16.93,,,,
358471,(2007 NS4),60600,1.875,0.5972,5.78,47.58,10.96,213.25,19.18,,,,
451157,(2009 SQ104),60600,1.285,0.2795,4.02,95.68,56.52,352.48,21.13,,,,
265196,(2004 BW58),60600,1.455,0.3787,15.21,301.85,132.61,328.22,18.84,,,,
504034,(2005 UJ159),60600,3.343,0.8317,35.61,95.79,80.25,26.44,17.62,,,,
482344,(2011 WL15),60600,1.352,0.2819,18.39,170.72,72.91,234.6,19.66,,,,
363024,(1998 OK1),60600,1.356,0.4293,13.99,298.64,109.64,160.98,19.42,,,,
141614,(2002 JV15),60600,1.624,0.5361,7.19,127.39,200.62,269.02,19.52,,,,
612348,(2002 GZ8),60600,2.821,0.6402,5.32,161.48,309.75,287.59,18.73,,,,
434196,(2003 HG2),60600,1.062,0.1346,19.78,225.4,214.24,345.51,21.61,,,,
65803, 65803 Didymos (1996 GT),60600,1.643,0.3833,3.41,319.6,72.99,339.93,18.11,,,,
467309,(1996 AW1),60600,1.534,0.5181,4.77,229.45,117.51,90.28,19.95,,,,
357622,(2005 EY95),60600,1.084,0.5384,3.17,342.14,72.86,197.54,20.32,,,,
65690, 65690 (1991 DG),60600,1.428,0.3632,11.14,63.37,180.1,212.3,19.06,,,,
443806,(1998 FL3),60600,1.26,0.2478,26.39,121.34,180.1,192.54,21.72,,,,
317255,(2002 DJ5),60600,1.401,0.5678,6.43,296.19,347.86,161.26,19.87,,,,
620107,(2020 XK7),60600,2.012,0.5593,8.08,26.95,197.59,81.97,19.58,,,,
154302,(2002 UQ3),60600,1.72,0.5615,28.83,280.97,222.7,230.42,17.69,,,,
303450,(2005 BY2),60600,1.269,0.3306,7.29,130.28,74.44,240.46,20.55,,,,
507716,(2013 UP8),60600,2.535,0.6191,47.83,187.36,55.16,318.58,16.39,,,,
251346,(2007 SJ),60600,2.015,0.5332,8.18,175.25,306.76,271.06,16.89,,,,
243566,(1995 SA),60600,2.463,0.642,19.58,54.3,169.02,255.75,17.37,,,,
477162,(2009 ES),60600,1.436,0.3293,30.33,311.18,343.71,280.63,20.71,,,,
458723,(2011 KQ12),60600,1.811,0.503,19.29,142.91,83.61,174.35,19.48,,,,
141053,(2001 XT1),60600,1.528,0.5795,2.73,31.39,316.21,67.95,18.86,,,,
488789,(2004 XK50),60600,1.451,0.6886,38.23,104.02,94.05,88.88,19.13,,,,
468910,(2014 KQ76),60600,1.007,0.4233,4.77,325.15,127.63,232.41,21.67,,,,
141527,(2002 FG7),60600,1.513,0.6268,9.2,247.69,187.48,82.57,18.94,,,,
162082,(1998 HL1),60600,1.246,0.187,20.05,148.66,213.53,228.22,19.12,,,,
363831,(2005 PY16),60600,1.976,0.525,6.41,193.53,159.31,327.45,19.35,,,,
417211,(2005 XL80),60600,1.727,0.4872,10.91,143.78,53.31,63.13,18.25,,,,
163697,(2003 EF54),60600,1.609,0.4728,2.95,353.79,268.45,176.37,20.08,,,,
517681,(2015 DE198),60600,2.063,0.5832,12.26,218.11,33.23,50.47,18.86,,,,
103067,(1999 XA143),60600,1.844,0.5812,38.56,104.1,116.52,289.32,16.83,,,,
517103,(2013 EM20),60600,1.371,0.3179,8.36,350.16,73.88,157.18,19.92,,,,
286080,(2001 TX1),60600,1.047,0.4825,2.8,354.18,159.14,86.91,21.24,,,,
357022,(1999 YG3),60600,1.285,0.3295,34.52,250.24,293.25,318.54,19.07,,,,
446862,(2001 VB76),60600,1.459,0.3483,4.24,248.5,259.39,307.5,20.54,,,,
4015,  4015 Wilson-Harrington (1979 VA),60600,2.626,0.6312,2.8,95.52,266.73,181.75,16.19,,,,
369264,(2009 MS),60600,2.005,0.57,52.38,219.54,252.05,269.44,16.34,,,,
471323,(2011 KW15),60600,1.17,0.4938,23.66,97.52,283.35,143.2,19.39,,,,
523630,(2009 OG),60600,2.706,0.8586,48.39,114.2,309.33,137.74,16.1,,,,
515767,(2015 JA2),60600,1.034,0.3491,16.42,246.26,126.6,233.79,21.17,,,,
667255,(2011 EG17),60600,1.38,0.4188,20.11,241.55,170.1,210.56,20.68,,,,
350523,(2000 EA14),60600,1.117,0.2026,3.56,206.06,203.83,39.54,21.16,,,,
2102,  2102 Tantalus (1975 YA),60600,1.29,0.2993,64.0,61.52,94.35,78.27,16.0,,,,
525231,(2004 VB),60600,1.459,0.409,10.86,71.61,52.35,77.99,20.85,,,,
514596,(2003 FG),60600,1.241,0.715,15.66,312.92,6.98,166.36,19.73,,,,
679440,(2019 GT2),60600,1.84,0.5108,6.74,343.89,88.38,158.02,19.1,,,,
666729,(2010 TV149),60600,1.699,0.5188,9.79,42.9,78.58,76.23,18.72,,,,
10115, 10115 (1992 SK),60600,1.249,0.325,15.32,233.69,8.89,84.54,17.12,,,,
264993,(2003 DX10),60600,1.375,0.4108,3.15,194.06,61.75,95.46,20.42,,,,
523609,(2005 PJ2),60600,1.198,0.6594,17.42,128.89,326.43,169.53,19.53,,,,
294739,(2008 CM),60600,1.566,0.408,36.01,130.69,279.54,196.87,17.04,,,,
5189,  5189 (1990 UQ),60600,1.552,0.4783,3.58,159.95,135.05,257.64,17.84,,,,
206378,(2003 RB),60600,1.788,0.4389,6.72,44.07,317.13,287.0,18.76,,,,
140039,(2001 SO73),60600,1.821,0.5679,4.85,31.03,197.14,222.91,18.08,,,,
152671,(1998 HL3),60600,1.129,0.3659,2.68,188.16,163.64,286.27,20.24,,,,
401856,(2000 KW43),60600,1.452,0.4779,24.27,63.6,82.62,18.63,20.27,,,,
180186,(2003 QZ30),60600,2.422,0.6315,8.57,243.1,178.04,198.78,17.58,,,,
620099,(2016 OP5),60600,1.616,0.4523,8.24,291.04,79.52,338.29,20.95,,,,
457662,(2009 DZ),60600,1.453,0.3021,14.11,335.89,151.44,349.33,22.0,,,,
348314,(2005 BC),60600,1.19,0.2781,30.12,84.2,292.45,123.73,18.01,,,,
53550, 53550 (2000 BF19),60600,1.495,0.4196,7.17,324.95,313.14,67.25,19.06,,,,
613714,(2007 DL41),60600,1.457,0.4765,4.67,140.23,150.72,286.02,20.82,,,,
4486,  4486 Mithra (1987 SB),60600,2.205,0.662,3.04,169.12,82.18,156.61,15.61,,,,
242450,(2004 QY2),60600,1.084,0.4772,37.03,104.98,295.27,234.73,14.65,,,,
279816,(2000 JE5),60600,1.238,0.4006,50.74,285.16,41.23,202.01,19.27,,,,
474231,(2001 HZ7),60600,1.47,0.4983,5.43,312.87,156.28,112.39,20.01,,,,
361754,(2007 YV29),60600,1.373,0.3568,21.88,321.87,59.3,201.77,19.18,,,,
438661,(2008 EP6),60600,1.209,0.2932,17.72,130.3,303.22,231.82,19.23,,,,
168318,(1989 DA),60600,2.162,0.5417,6.49,139.82,349.07,83.0,18.91,,,,
523623,(2008 CB22),60600,2.365,0.6533,7.27,33.42,51.17,227.64,19.72,,,,
162116,(1998 SA15),60600,1.916,0.5585,7.11,331.44,114.17,267.66,19.54,,,,
480822,(1998 YM4),60600,1.477,0.7196,3.43,344.56,341.75,176.01,19.66,,,,
7341,  7341 (1991 VK),60600,1.841,0.5061,5.41,173.48,294.73,37.89,16.96,,,,
453707,(2010 XY72),60600,1.133,0.2287,31.48,307.01,34.42,210.45,18.73,,,,
482467,(2012 LK9),60600,2.512,0.6197,10.14,314.59,61.84,350.14,17.93,,,,
352102,(2007 AG12),60600,2.09,0.6565,41.97,68.23,305.39,354.95,19.35,,,,
452376,(2002 AC5),60600,1.76,0.4937,16.55,331.72,82.37,290.44,19.97,,,,
450263,(2003 WD158),60600,1.426,0.4091,16.73,102.39,92.2,17.09,18.85,,,,
612143,(2000 BO28),60600,1.699,0.6003,6.34,303.41,319.73,1.98,19.84,,,,
481532,(2007 LE),60600,1.839,0.5157,29.55,120.28,73.62,4.16,19.62,,,,
363344,(2002 QC7),60600,1.169,0.196,26.8,184.47,336.01,354.54,19.98,,,,
605070,(2016 BT39),60600,1.968,0.5382,8.96,203.19,174.97,80.29,19.67,,,,
171839,(2001 JM1),60600,1.46,0.3108,17.08,321.98,226.64,118.84,19.24,,,,
434633,(2005 WB1),60600,1.264,0.3554,22.88,265.73,61.41,164.11,20.67,,,,
99248, 99248 (2001 KY66),60600,1.867,0.5073,10.61,61.58,284.11,359.76,16.55,,,,
65717, 65717 (1993 BX3),60600,1.395,0.281,2.81,290.95,174.75,104.62,20.87,,,,
439313,(2012 VE82),60600,2.11,0.5437,9.92,186.45,110.4,12.64,19.66,,,,
442523,(2011 WU95),60600,1.667,0.4245,6.72,242.41,67.67,75.48,19.51,,,,
53789, 53789 (2000 ED104),60600,1.371,0.2692,40.78,218.35,190.02,236.89,17.34,,,,
310560,(2001 QL142),60600,1.049,0.4991,26.6,72.15,165.55,267.48,17.8,,,,
53429, 53429 (1999 TF5),60600,2.022,0.641,26.78,64.09,199.16,281.57,18.94,,,,
506074,Svarog (2015 UM67),60600,1.558,0.6874,6.01,132.27,150.02,247.7,18.93,,,,
152828,(1999 VT25),60600,1.162,0.5231,5.15,319.24,221.94,253.7,21.28,,,,
619920,(2006 KY86),60600,2.294,0.6486,7.47,321.65,222.29,114.32,19.74,,,,
471926,Jormungandr (2013 KN6),60600,1.466,0.8508,23.54,232.53,229.42,183.06,18.62,,,,
451003,(2008 UD1),60600,1.716,0.4637,6.48,6.69,154.19,308.36,19.53,,,,
88959, 88959 (2001 TZ44),60600,1.724,0.5635,53.83,114.92,38.96,18.09,17.45,,,,
263976,(2009 KD5),60600,1.046,0.2615,13.47,294.37,104.49,26.87,18.4,,,,
267720,(2003 CA),60600,1.379,0.7196,21.15,234.82,126.17,185.74,18.93,,,,
523814,(2008 WN2),60600,1.418,0.3118,3.75,283.4,227.09,95.98,20.81,,,,
613986,(2008 JG),60600,1.051,0.2959,7.92,242.35,128.74,324.38,20.81,,,,
678715,(2017 VV14),60600,2.24,0.845,15.89,234.76,77.93,48.24,18.34,,,,
465826,(2010 GA24),60600,2.097,0.5468,7.68,237.57,30.66,261.43,21.09,,,,
494975,(2009 WO106),60600,1.374,0.3853,17.35,134.68,281.69,105.64,19.18,,,,
162210,(1999 SM5),60600,2.306,0.695,5.19,319.31,327.62,82.39,19.3,,,,
288807,(2004 RW164),60600,1.49,0.3766,36.78,342.88,164.93,246.85,18.46,,,,
159504,(2000 WO67),60600,2.433,0.6172,9.69,237.82,107.57,138.95,16.97,,,,
164400,(2005 GN59),60600,1.657,0.4679,6.63,203.05,218.96,169.72,17.34,,,,
143624,(2003 HM16),60600,1.967,0.5773,35.54,47.18,195.84,262.55,15.96,,,,
620103,(2018 LC3),60600,1.346,0.5479,44.36,76.26,111.17,55.37,18.79,,,,
416151,(2002 RQ25),60600,1.112,0.3064,4.57,225.74,10.46,34.37,20.68,,,,
