"full_name","a","e","i","om","w","H","pha","G","pdes","ma","moid","diameter","epoch_mjd"
"  1566 Icarus (1949 MA)",1.078,0.8270,22.80,87.95,31.43,16.57,Y,,1566,160.86,0.0342,1.0,60600
"  1620 Geographos (1951 RA)",1.246,0.3356,13.34,337.15,277.01,15.27,Y,,1620,289.36,0.03,2.56,60600
"  1862 Apollo (1932 HA)",1.471,0.5599,6.35,35.56,286.03,16.08,Y,0.09,1862,252.87,0.026,1.5,60600
"  1981 Midas (1973 EA)",1.776,0.6505,39.82,356.80,267.84,15.28,Y,,1981,258.81,0.00488,3.4,60600
"  2101 Adonis (1936 CA)",1.874,0.7642,1.32,349.43,43.69,18.72,Y,,2101,230.82,0.0116,0.6,60600
"  2102 Tantalus (1975 YA)",1.29,0.2993,64.00,94.35,61.52,16.00,Y,,2102,78.27,0.0436,1.649,60600
"  2135 Aristaeus (1977 HA)",1.6,0.5030,23.07,191.11,290.97,18.05,Y,,2135,202.31,0.011,,60600
"  2201 Oljato (1947 XC)",2.179,0.7107,2.52,74.87,98.37,15.36,Y,,2201,334.42,0.00259,1.80,60600
"  3200 Phaethon (1983 TB)",1.271,0.8898,22.31,265.10,322.31,14.40,Y,,3200,248.98,0.0187,6.25,60600
"  3361 Orpheus (1982 HR)",1.21,0.3229,2.66,188.68,302.34,19.56,Y,,3361,24.54,0.0138,0.3,60600
"  3671 Dionysus (1984 KD)",2.2,0.5420,13.54,82.05,204.33,16.50,Y,,3671,131.35,0.022,1.5,60600
"  3757 Anagolay (1982 XB)",1.834,0.4459,3.87,74.93,17.24,19.04,Y,,3757,293.70,0.0372,0.5,60600
"  4015 Wilson-Harrington (1979 VA)",2.626,0.6312,2.80,266.73,95.52,16.19,Y,,4015,181.75,0.0429,4,60600
"  4034 Vishnu (1986 PA)",1.06,0.4441,11.17,157.89,296.70,18.52,Y,,4034,260.40,0.0195,0.42,60600
"  4179 Toutatis (1989 AC)",2.543,0.6248,0.45,125.36,277.88,15.31,Y,0.10,4179,339.68,0.00649,5.4,60600
"  4183 Cuno (1959 LM)",1.981,0.6361,6.67,294.35,237.02,14.17,Y,,4183,175.91,0.0281,3.651,60600
"  4450 Pan (1987 SY)",1.443,0.5866,5.52,311.70,291.94,17.28,Y,,4450,192.17,0.0289,,60600
"  4486 Mithra (1987 SB)",2.205,0.6620,3.04,82.18,169.12,15.61,Y,,4486,156.61,0.0462,1.849,60600
"  4581 Asclepius (1989 FC)",1.023,0.3570,4.92,180.20,255.38,20.74,Y,,4581,212.12,0.00313,,60600
"  4660 Nereus (1982 DB)",1.485,0.3587,1.45,313.11,159.54,18.75,Y,,4660,191.96,0.00367,0.33,60600
"  4769 Castalia (1989 PB)",1.063,0.4832,8.88,325.51,121.44,17.50,Y,,4769,324.11,0.0205,1.4,60600
"  4953 (1990 MU)",1.621,0.6574,24.38,77.53,77.93,14.94,Y,,4953,285.02,0.0259,,60600
"  5011 Ptah (6743 P-L)",1.636,0.5001,7.41,10.63,105.94,16.70,Y,,5011,173.66,0.0252,,60600
"  5189 (1990 UQ)",1.552,0.4783,3.58,135.05,159.95,17.84,Y,,5189,257.64,0.0448,,60600
"  5693 (1993 EA)",1.271,0.5851,5.06,96.98,258.98,16.79,Y,,5693,203.14,0.00577,,60600
"  6037 (1988 EG)",1.272,0.4997,3.51,182.18,242.32,18.87,Y,,6037,249.72,0.0241,,60600
"  6239 Minos (1989 QF)",1.151,0.4126,3.94,344.53,239.77,18.61,Y,,6239,224.50,0.0263,,60600
"  6489 Golevka (1991 JX)",2.484,0.6151,2.27,209.42,68.66,19.22,Y,,6489,151.88,0.024,0.53,60600
"  7335 (1989 JA)",1.772,0.4846,15.17,61.28,232.27,17.70,Y,,7335,349.17,0.0231,1.8,60600
"  7341 (1991 VK)",1.841,0.5061,5.41,294.73,173.48,16.96,Y,,7341,37.89,0.0471,0.982,60600
"  7482 (1994 PC1)",1.349,0.3294,33.47,117.85,47.49,16.66,Y,,7482,246.56,0.000596,1.052,60600
"  7753 (1988 XB)",1.467,0.4817,3.12,73.39,280.08,18.02,Y,,7753,95.85,0.00655,,60600
"  7822 (1991 CS)",1.123,0.1646,37.12,156.84,249.45,17.34,Y,,7822,182.35,0.0226,1.602,60600
"  8014 (1990 MF)",1.747,0.4560,1.87,209.84,114.73,18.88,Y,,8014,291.48,0.0169,0.7,60600
"  8566 (1996 EN)",1.506,0.4302,37.97,164.12,125.13,16.48,Y,,8566,90.11,0.0214,1.568,60600
"  9856 (1991 EE)",2.242,0.6258,9.83,168.11,116.18,17.11,Y,,9856,314.61,0.0224,1.0,60600
" 10115 (1992 SK)",1.249,0.3250,15.32,8.89,233.69,17.12,Y,,10115,84.54,0.0444,0.938,60600
" 11500 Tomaiyowit (1989 UR)",1.08,0.3558,10.31,234.39,289.52,18.37,Y,,11500,323.61,0.0345,0.738,60600
" 12538 (1998 OH)",1.542,0.4058,24.54,220.69,321.79,15.97,Y,,12538,317.04,0.0269,1.663,60600
" 12923 Zephyr (1999 GK4)",1.963,0.4918,5.30,168.17,147.13,15.82,Y,,12923,51.56,0.0218,2.060,60600
" 13651 (1997 BR)",1.335,0.3057,17.25,116.63,133.86,17.89,Y,,13651,262.62,0.0139,0.562,60600
" 14827 Hypnos (1986 JK)",2.841,0.6649,1.98,57.93,238.19,18.75,Y,,14827,21.63,0.0153,0.9,60600
" 16960 (1998 QS52)",2.201,0.8590,17.52,260.15,243.25,14.42,Y,,16960,308.68,0.0176,,60600
" 20425 (1998 VD35)",1.565,0.4764,6.99,227.25,296.32,20.51,Y,,20425,32.70,0.0029,,60600
" 22753 (1998 WT)",1.219,0.5699,3.20,307.36,324.80,17.69,Y,,22753,165.33,0.0337,,60600
" 23187 (2000 PN9)",1.847,0.5893,51.33,164.29,293.53,16.06,Y,,23187,167.50,0.0124,,60600
" 25143 Itokawa (1998 SF36)",1.324,0.2803,1.62,69.08,162.82,19.26,Y,,25143,142.57,0.0129,0.33,60600
" 26663 (2000 XK47)",1.546,0.4717,13.53,303.59,231.23,18.19,Y,,26663,108.78,0.0342,,60600
" 27002 (1998 DV9)",1.744,0.4333,8.70,130.34,0.82,18.31,Y,,27002,203.62,0.00429,,60600
" 29075 (1950 DA)",1.699,0.5077,12.16,356.59,224.76,17.29,Y,,29075,223.31,0.0385,1.3,60600
" 31669 (1999 JT6)",2.137,0.5776,9.54,78.77,39.10,16.09,Y,,31669,97.39,0.000451,,60600
" 35107 (1991 VH)",1.137,0.1442,13.91,139.34,206.96,16.91,Y,,35107,100.55,0.0255,0.929,60600
" 35396 (1997 XF11)",1.442,0.4837,4.10,213.65,103.04,17.01,Y,,35396,272.13,0.000394,0.704,60600
" 37638 (1993 VB)",1.913,0.5199,5.08,145.56,323.20,19.28,Y,,37638,236.56,0.000275,,60600
" 37655 Illapa (1994 PM)",1.478,0.7525,18.03,139.52,303.90,17.85,Y,,37655,254.99,0.025,,60600
" 41429 (2000 GE2)",1.593,0.5553,2.17,351.91,297.20,20.66,Y,,41429,42.91,0.0109,0.204,60600
" 52760 (1998 ML14)",2.409,0.6233,2.43,338.68,20.37,17.50,Y,,52760,347.09,0.0166,1.0,60600
" 52768 (1998 OR2)",2.38,0.5755,5.88,26.94,174.59,16.04,Y,,52768,81.21,0.00979,1.75,60600
" 53319 (1999 JM8)",2.724,0.6414,13.84,133.62,166.80,15.36,Y,,53319,228.77,0.0245,7.,60600
" 53426 (1999 SL5)",1.923,0.5391,22.77,239.06,43.36,17.19,Y,,53426,167.90,0.0244,,60600
" 53429 (1999 TF5)",2.022,0.6410,26.78,199.16,64.09,18.94,Y,,53429,281.57,0.0482,,60600
" 53550 (2000 BF19)",1.495,0.4196,7.17,313.14,324.95,19.06,Y,,53550,67.25,0.046,,60600
" 53789 (2000 ED104)",1.371,0.2692,40.78,190.02,218.35,17.34,Y,,53789,236.89,0.0482,0.843,60600
" 65690 (1991 DG)",1.428,0.3632,11.14,180.10,63.37,19.06,Y,,65690,212.30,0.0402,,60600
" 65717 (1993 BX3)",1.395,0.2810,2.81,174.75,290.95,20.87,Y,,65717,104.62,0.0481,,60600
" 65803 Didymos (1996 GT)",1.643,0.3833,3.41,72.99,319.60,18.11,Y,,65803,339.93,0.0398,0.78,60600
" 65909 (1998 FH12)",1.091,0.5397,3.56,108.59,284.51,19.30,Y,,65909,196.93,0.0126,,60600
" 67381 (2000 OL8)",1.321,0.5430,10.67,294.84,266.96,19.80,Y,,67381,38.01,0.0177,,60600
" 68216 (2001 CV26)",1.32,0.3267,17.99,18.13,48.74,16.62,Y,,68216,301.79,0.0241,0.994,60600
" 68346 (2001 KZ66)",1.507,0.4166,16.70,219.37,140.29,16.93,Y,,68346,133.79,0.0386,0.736,60600
" 68372 (2001 PM9)",1.618,0.4160,8.11,252.96,322.33,18.97,Y,,68372,157.97,0.00376,,60600
" 68548 (2001 XR31)",1.707,0.4368,22.72,302.02,24.71,16.57,Y,,68548,186.50,0.0247,1.182,60600
" 68950 (2002 QF15)",1.057,0.3443,25.15,236.21,255.57,16.39,Y,,68950,54.57,0.00746,1.650,60600
" 69230 Hermes (1937 UB)",1.655,0.6239,6.07,34.05,92.90,17.68,Y,,69230,279.39,0.00431,,60600
" 85182 (1991 AQ)",2.22,0.7777,3.12,339.40,243.23,17.13,Y,,85182,59.27,0.0161,1.1,60600
" 85236 (1993 KH)",1.234,0.3110,12.81,54.36,293.82,18.75,Y,,85236,252.62,0.000862,,60600
" 85585 Mjolnir (1998 FG2)",1.298,0.3563,4.08,2.31,95.42,21.64,Y,,85585,37.53,0.0218,,60600
" 85640 (1998 OX4)",1.58,0.4859,4.52,299.57,117.30,21.14,Y,,85640,15.27,0.00102,,60600
" 85713 (1998 SS49)",1.923,0.6388,10.79,40.95,103.13,15.78,Y,,85713,239.57,0.0039,3.484,60600
" 85774 (1998 UT18)",1.403,0.3288,13.59,64.62,50.15,19.10,Y,,85774,178.64,0.0363,0.939,60600
" 85938 (1999 DJ4)",1.853,0.4846,9.14,19.87,197.79,18.73,Y,,85938,41.94,0.023,,60600
" 85990 (1999 JV6)",1.008,0.3111,5.36,124.30,235.57,20.27,Y,,85990,312.19,0.0316,0.451,60600
" 86039 (1999 NC43)",1.76,0.5789,7.13,311.62,120.81,15.97,Y,,86039,217.35,0.0243,2.22,60600
" 86819 (2000 GK137)",1.995,0.5059,10.06,164.88,150.30,17.47,Y,,86819,212.48,0.0168,0.802,60600
" 88254 (2001 FM129)",1.182,0.6296,1.52,272.11,140.23,17.77,Y,,88254,166.57,0.01,0.800,60600
" 88959 (2001 TZ44)",1.724,0.5635,53.83,38.96,114.92,17.45,Y,,88959,18.09,0.0491,,60600
" 89136 (2001 US16)",1.356,0.2530,1.91,175.90,67.20,20.28,Y,,89136,332.59,0.029,,60600
" 89958 (2002 LY45)",1.642,0.8864,9.91,188.16,222.94,17.21,Y,,89958,186.10,0.000553,,60600
" 89959 (2002 NT7)",1.735,0.5284,42.36,132.00,300.71,16.57,Y,,89959,206.61,0.000874,1.407,60600
" 90075 (2002 VU94)",2.136,0.5755,8.91,226.73,30.77,15.37,Y,,90075,128.37,0.0281,2.233,60600
" 90403 (2003 YE45)",1.234,0.2802,19.01,286.23,306.85,17.78,Y,,90403,341.08,0.0358,0.572,60600
" 90416 (2003 YK118)",1.695,0.4924,7.83,326.76,233.29,18.86,Y,,90416,117.11,0.00216,0.968,60600
" 99248 (2001 KY66)",1.867,0.5073,10.61,284.11,61.58,16.55,Y,,99248,359.76,0.048,1.115,60600
"100085 (1992 UY4)",2.651,0.6190,2.64,305.18,42.24,17.89,Y,,100085,158.29,0.0249,,60600
"101869 (1999 MM)",1.624,0.6109,4.77,110.92,268.84,19.47,Y,,101869,52.69,0.00129,,60600
"101955 Bennu (1999 RQ36)",1.126,0.2037,6.03,2.06,66.22,20.21,Y,-0.03,101955,101.70,0.00322,0.482,55562
"103067 (1999 XA143)",1.844,0.5812,38.56,116.52,104.10,16.83,Y,,103067,289.32,0.0422,1.282,60600
"111253 (2001 XU10)",1.754,0.4394,42.02,310.15,6.97,15.28,Y,,111253,62.23,0.0287,3.006,60600
"136617 (1994 CC)",1.638,0.4169,4.68,268.51,24.92,17.97,Y,,136617,103.64,0.0152,,60600
"136618 (1994 CN2)",1.573,0.3948,1.44,99.34,248.28,16.87,Y,,136618,340.11,0.0127,,60600
"136795 Tatsunokingo (1997 BQ)",1.747,0.4780,10.99,50.13,147.57,18.11,Y,,136795,340.73,0.0342,,60600
"136849 (1998 CS1)",1.492,0.5785,7.79,110.68,97.80,17.72,Y,,136849,204.65,0.0199,,60600
"137108 (1999 AN10)",1.459,0.5621,39.93,314.34,268.33,18.05,Y,,137108,177.03,0.000509,,60600
"137120 (1999 BJ8)",1.901,0.5490,8.97,339.46,222.00,18.30,Y,,137120,272.88,0.0218,,60600
"137126 (1999 CF9)",1.772,0.6012,5.55,156.87,90.54,18.14,Y,,137126,280.89,0.0181,,60600
"137427 (1999 TF211)",2.44,0.6116,39.49,347.91,162.38,15.29,Y,,137427,132.56,0.0257,,60600
"138175 (2000 EE104)",1.004,0.2932,5.24,25.50,280.87,20.47,Y,,138175,52.66,0.00828,,60600
"138404 (2000 HA24)",1.139,0.3186,2.16,309.35,142.20,19.40,Y,,138404,139.80,0.0272,,60600
"138727 (2000 SU180)",2.105,0.6052,11.92,327.89,136.32,19.34,Y,,138727,289.27,0.0335,,60600
"138971 (2001 CB21)",1.034,0.3334,7.92,353.67,271.93,18.52,Y,,138971,115.89,0.0232,,60600
"139359 (2001 ME1)",2.634,0.8700,5.96,84.57,302.40,16.53,Y,,139359,138.82,0.0134,,60600
"139622 (2001 QQ142)",1.421,0.3101,9.34,83.16,337.95,18.46,Y,,139622,190.84,0.0117,,60600
"140039 (2001 SO73)",1.821,0.5679,4.85,197.14,31.03,18.08,Y,,140039,222.91,0.0451,,60600
"140158 (2001 SX169)",1.347,0.4608,2.52,126.78,42.73,18.48,Y,,140158,94.39,0.026,0.566,60600
"140288 (2001 SN289)",1.784,0.5082,53.19,357.06,225.64,16.74,Y,,140288,344.42,0.016,1.263,60600
"141053 (2001 XT1)",1.528,0.5795,2.73,316.21,31.39,18.86,Y,,141053,67.95,0.0412,,60600
"141495 (2002 EZ11)",1.114,0.8021,2.35,51.88,317.78,18.47,Y,,141495,194.78,0.000866,,60600
"141525 (2002 FV5)",1.087,0.7245,34.04,38.84,308.11,18.07,Y,,141525,251.11,0.0343,,60600
"141527 (2002 FG7)",1.513,0.6268,9.20,187.48,247.69,18.94,Y,,141527,82.57,0.0416,,60600
"141593 (2002 HK12)",2.002,0.5287,2.35,306.98,2.25,18.32,Y,,141593,301.23,0.0237,,60600
"141614 (2002 JV15)",1.624,0.5361,7.19,200.62,127.39,19.52,Y,,141614,269.02,0.0395,,60600
"141851 (2002 PM6)",1.198,0.8501,19.13,304.00,224.53,17.81,Y,,141851,11.09,0.0384,,60600
"143404 (2003 BD44)",1.968,0.6075,2.66,181.18,89.36,16.95,Y,,143404,242.26,0.0178,,60600
"143487 (2003 CR20)",2.124,0.7301,4.99,177.06,88.83,18.94,Y,,143487,329.95,0.000297,,60600
"143624 (2003 HM16)",1.967,0.5773,35.54,195.84,47.18,15.96,Y,,143624,262.55,0.0499,2.137,60600
"143649 (2003 QQ47)",1.085,0.1870,62.10,0.99,104.96,17.39,Y,,143649,174.10,0.00463,,60600
"143651 (2003 QO104)",2.133,0.5262,11.62,58.17,183.60,16.09,Y,,143651,335.50,0.00149,,60600
"143992 (2004 AF)",1.971,0.5538,27.13,315.62,57.98,16.16,Y,,143992,205.38,0.0338,,60600
"144332 (2004 DV24)",1.423,0.2898,55.89,171.13,186.41,16.61,Y,,144332,206.42,0.00623,,60600
"144898 (2004 VD17)",1.508,0.5886,4.22,223.98,90.98,18.89,Y,,144898,306.24,0.00139,,60600
"152560 (1991 BN)",1.443,0.3979,3.45,268.81,80.99,19.23,Y,,152560,256.49,0.021,,60600
"152561 (1991 RB)",1.454,0.4857,19.58,359.29,68.96,19.10,Y,,152561,279.78,0.0384,,60600
"152664 (1998 FW4)",2.525,0.7143,3.42,353.60,85.47,19.68,Y,,152664,264.00,0.0151,,60600
"152671 (1998 HL3)",1.129,0.3659,2.68,163.64,188.16,20.24,Y,,152671,286.27,0.0453,0.298,60600
"152680 (1998 KJ9)",1.448,0.6396,10.93,98.54,260.12,19.50,Y,,152680,16.67,0.0057,,60600
"152685 (1998 MZ)",1.346,0.5729,0.15,122.28,39.24,19.34,Y,,152685,349.07,0.00158,,60600
"152754 (1999 GS6)",1.191,0.4974,2.02,314.42,134.97,19.31,Y,,152754,283.40,0.0189,0.414,60600
"152770 (1999 RR28)",1.879,0.6542,7.14,178.16,284.58,18.41,Y,,152770,231.90,0.0161,,60600
"152828 (1999 VT25)",1.162,0.5231,5.15,221.94,319.24,21.28,Y,,152828,253.70,0.0483,,60600
"152978 (2000 GJ147)",1.162,0.2367,25.01,57.85,240.80,19.57,Y,,152978,134.02,0.0239,0.531,60600
"153002 (2000 JG5)",1.341,0.7961,31.43,213.04,233.45,18.28,Y,,153002,307.51,0.0284,,60600
"153220 (2000 YN29)",2.542,0.6683,6.23,64.22,142.59,17.41,Y,,153220,288.37,0.0313,,60600
"153311 (2001 MG1)",2.502,0.6459,28.40,142.33,218.52,17.40,Y,,153311,304.13,0.0384,,60600
"153814 (2001 WN5)",1.712,0.4670,1.92,277.35,44.67,18.29,Y,,153814,110.47,0.0015,0.932,60600
"153958 (2002 AM31)",1.703,0.4515,4.64,144.37,197.96,18.36,Y,,153958,166.89,0.0314,,60600
"154019 (2002 CZ9)",1.325,0.3601,4.97,142.84,80.88,22.07,Y,,154019,264.53,0.026,,60600
"154269 (2002 SM)",1.872,0.4865,14.40,10.78,217.51,17.87,Y,,154269,300.04,0.0251,,60600
"154275 (2002 SR41)",1.084,0.4907,11.58,247.77,258.20,20.13,Y,,154275,119.73,0.0355,,60600
"154276 (2002 SY50)",1.704,0.6888,8.75,34.03,99.68,17.64,Y,,154276,288.08,0.00387,1.060,60600
"154302 (2002 UQ3)",1.72,0.5615,28.83,222.70,280.97,17.69,Y,,154302,230.42,0.0404,,60600
"154330 (2002 VX94)",1.477,0.4086,7.16,320.06,215.23,18.19,Y,,154330,353.41,0.032,,60600
"154590 (2003 MA3)",1.105,0.4022,1.42,152.67,228.88,21.71,Y,,154590,56.99,0.0131,0.086,60600
"155338 (2006 MZ1)",1.569,0.4826,2.08,226.58,138.70,20.40,Y,,155338,81.14,0.013,,60600
"159504 (2000 WO67)",2.433,0.6172,9.69,107.57,237.82,16.97,Y,,159504,138.95,0.0497,2.324,60600
"159857 (2004 LJ1)",2.263,0.5935,23.15,235.54,140.02,15.47,Y,,159857,319.37,0.0159,3.070,60600
"161989 Cacus (1978 CA)",1.123,0.2139,26.06,161.21,102.09,17.31,Y,,161989,338.81,0.0153,1.9,60600
"162000 (1990 OS)",1.678,0.4624,1.09,346.51,21.59,19.64,Y,,162000,239.67,0.00896,0.4,60600
"162039 (1996 JG)",1.802,0.6604,5.28,52.83,280.26,19.06,Y,,162039,246.30,0.0122,,60600
"162082 (1998 HL1)",1.246,0.1870,20.05,213.53,148.66,19.12,Y,,162082,228.22,0.0416,,60600
"162116 (1998 SA15)",1.916,0.5585,7.11,114.17,331.44,19.54,Y,,162116,267.66,0.0465,0.538,60600
"162120 (1998 SH36)",1.088,0.5709,2.13,217.82,278.85,20.65,Y,,162120,279.53,0.012,,60600
"162162 (1999 DB7)",1.206,0.1949,10.84,157.59,29.93,19.99,Y,,162162,110.33,0.00348,,60600
"162173 Ryugu (1999 JU3)",1.191,0.1911,5.87,251.29,211.61,19.55,Y,,162173,327.33,0.00117,0.896,60600
"162183 (1999 NB5)",2.072,0.5351,1.43,235.31,123.19,21.25,Y,,162183,143.03,0.013,,60600
"162210 (1999 SM5)",2.306,0.6950,5.19,327.62,319.31,19.30,Y,,162210,82.39,0.0496,,60600
"162416 (2000 EH26)",1.855,0.4780,0.40,215.25,19.22,21.67,Y,,162416,243.90,0.000924,,60600
"162422 (2000 EV70)",1.207,0.5311,1.40,108.93,314.50,20.60,Y,,162422,240.88,0.012,,60600
"162474 (2000 LB16)",1.241,0.3574,50.71,80.85,285.25,18.62,Y,,162474,163.39,0.00479,,60600
"162510 (2000 QW69)",1.376,0.3023,38.14,344.33,220.73,17.60,Y,,162510,91.40,0.0262,1.406,60600
"162567 (2000 RW37)",1.247,0.2501,13.75,333.29,133.29,19.97,Y,,162567,12.21,0.00905,0.335,60600
"162687 (2000 UH1)",1.875,0.5436,14.77,76.13,40.97,18.76,Y,,162687,92.72,0.0339,,60600
"162695 (2000 UL11)",2.122,0.6354,2.19,333.18,152.12,20.20,Y,,162695,246.49,0.0229,,60600
"162783 (2000 YJ11)",1.314,0.2323,7.26,64.92,339.16,20.91,Y,,162783,327.02,0.0302,,60600
"162825 (2001 BO61)",1.773,0.7444,9.07,159.52,79.16,17.97,Y,,162825,338.79,0.0163,,60600
"162882 (2001 FD58)",1.092,0.5752,6.50,341.15,46.02,18.80,Y,,162882,348.46,0.0328,,60600
"162922 (2001 OY13)",1.319,0.3820,10.30,284.18,291.31,20.91,Y,,162922,174.17,0.0131,,60600
"162979 (2001 RA12)",2.037,0.5441,17.09,311.58,326.05,18.29,Y,,162979,359.93,0.0207,,60600
"162998 (2001 SK162)",1.926,0.4743,1.68,285.29,186.45,18.17,Y,,162998,181.51,0.0301,0.875,60600
"163014 (2001 UA5)",1.787,0.4456,9.94,58.62,27.68,17.75,Y,,163014,207.87,0.032,,60600
"163026 (2001 XR30)",1.297,0.3652,11.86,247.85,294.50,21.23,Y,,163026,106.07,0.0209,,60600
"163051 (2001 YJ4)",2.274,0.5676,9.29,247.77,322.44,16.40,Y,,163051,208.69,0.0316,,60600
"163067 (2002 AP3)",2.046,0.5862,7.61,87.30,117.82,19.99,Y,,163067,254.83,0.0126,,60600
"163132 (2002 CU11)",1.22,0.2952,48.78,157.74,110.53,18.61,Y,,163132,229.17,0.000225,0.460,60600
"163249 (2002 GT)",1.344,0.3347,6.97,201.73,135.14,18.71,Y,,163249,59.89,0.0157,,60600
"163364 (2002 OD20)",1.365,0.3689,4.19,259.85,275.35,18.91,Y,,163364,84.09,0.0266,,60600
"163373 (2002 PZ39)",1.469,0.5465,1.67,328.77,260.13,19.03,Y,,163373,196.11,0.00261,,60600
"163683 (2002 YP2)",1.577,0.6881,20.63,52.46,281.41,19.09,Y,,163683,31.53,0.0192,,60600
"163697 (2003 EF54)",1.609,0.4728,2.95,268.45,353.79,20.08,Y,,163697,176.37,0.0419,,60600
"163818 (2003 RX7)",1.229,0.3545,10.39,241.01,245.91,18.46,Y,,163818,68.68,0.0264,0.386,60600
"164121 (2003 YT1)",1.11,0.2920,44.06,38.31,91.00,16.18,Y,,164121,235.13,0.0046,1.717,60600
"164207 (2004 GU9)",1.001,0.1359,13.65,38.41,279.48,21.18,Y,,164207,63.63,0.00017,0.163,60600
"164211 (2004 JA27)",1.666,0.4233,2.26,67.76,270.22,19.50,Y,,164211,128.89,0.0328,,60600
"164216 (2004 OT11)",2.153,0.5651,19.99,294.89,326.60,17.29,Y,,164216,167.15,0.0164,,60600
"164400 (2005 GN59)",1.657,0.4679,6.63,218.96,203.05,17.34,Y,,164400,169.72,0.0497,,60600
"168318 (1989 DA)",2.162,0.5417,6.49,349.07,139.82,18.91,Y,,168318,83.00,0.0463,0.9,60600
"170086 (2002 XR14)",1.905,0.6260,2.13,75.48,120.49,18.17,Y,,170086,69.28,0.0114,,60600
"170903 (2004 WS2)",1.336,0.6031,8.27,87.67,115.46,18.23,Y,,170903,267.96,0.0303,,60600
"171576 (1999 VP11)",1.086,0.5836,17.28,208.08,61.74,18.68,Y,,171576,111.24,0.00221,,60600
"171839 (2001 JM1)",1.46,0.3108,17.08,226.64,321.98,19.24,Y,,171839,118.84,0.0478,,60600
"172678 (2003 YM137)",2.559,0.7028,2.82,73.98,131.02,18.95,Y,,172678,326.04,0.0154,,60600
"173561 (2000 YV137)",1.448,0.3109,28.00,137.22,211.38,18.36,Y,,173561,330.30,0.0199,,60600
"175706 (1996 FG3)",1.055,0.3501,1.97,299.50,24.06,18.32,Y,,175706,32.72,0.0281,1.196,60600
"175729 (1998 BB10)",1.271,0.4246,11.54,124.27,259.25,20.44,Y,,175729,280.61,0.0226,,60600
"177049 (2003 EE16)",1.418,0.6143,0.65,127.23,259.50,19.85,Y,,177049,5.13,9.66e-05,,60600
"177614 (2004 HK33)",1.889,0.5204,5.44,104.70,221.54,17.59,Y,,177614,294.36,0.00818,,60600
"179806 (2002 TD66)",1.858,0.5347,4.93,335.53,125.88,20.46,Y,,179806,220.46,0.00591,,60600
"180186 (2003 QZ30)",2.422,0.6315,8.57,178.04,243.10,17.58,Y,,180186,198.78,0.0455,,60600
"184266 (2004 VW14)",2.121,0.5977,3.83,100.83,42.78,19.49,Y,,184266,140.17,0.00756,,60600
"185851 (2000 DP107)",1.365,0.3765,8.67,358.65,289.77,18.32,Y,,185851,62.22,0.0149,0.863,60600
"186844 (2004 GA1)",2.43,0.6726,7.77,261.48,54.63,17.43,Y,,186844,114.88,0.0174,,60600
"187040 (2005 JS108)",1.355,0.3222,6.04,110.84,244.00,19.23,Y,,187040,28.42,0.0196,0.430,60600
"189040 (2000 MU1)",1.372,0.3825,13.09,130.03,63.78,19.87,Y,,189040,84.71,0.0112,,60600
"189865 (2003 NC)",1.406,0.8055,21.57,288.39,224.33,19.46,Y,,189865,315.33,0.038,,60600
"192559 (1998 VO)",1.075,0.2266,10.06,228.12,75.97,20.43,Y,,192559,182.11,0.0253,,60600
"192563 (1998 WZ6)",1.452,0.4078,24.76,68.68,110.75,17.34,Y,,192563,226.25,0.036,,60600
"194006 (2001 SG10)",1.449,0.4243,4.26,184.93,101.62,20.46,Y,,194006,114.85,0.0173,,60600
"194268 (2001 UY4)",1.453,0.7875,5.44,160.69,107.81,18.34,Y,,194268,74.45,0.0259,1.244,60600
"196068 (2002 TW55)",2.118,0.6645,59.35,33.54,251.12,18.13,Y,,196068,85.27,0.026,,60600
"196625 (2003 RM10)",1.848,0.5917,13.72,341.17,287.44,20.29,Y,,196625,166.92,0.00504,,60600
"197588 (2004 HE12)",1.845,0.4659,42.71,338.03,162.22,17.13,Y,,197588,69.47,0.0122,,60600
"199145 (2005 YY128)",1.649,0.7323,3.77,299.96,315.17,18.28,Y,,199145,261.48,0.0297,,60600
"199801 (2007 AE12)",1.684,0.5694,2.29,245.44,86.98,19.36,Y,,199801,128.40,0.00656,,60600
"206378 (2003 RB)",1.788,0.4389,6.72,317.13,44.07,18.76,Y,,206378,287.00,0.0449,0.376,60600
"206910 (2004 NL8)",2.574,0.7156,5.02,150.90,278.14,17.28,Y,,206910,302.11,0.0213,,60600
"207398 (2006 AS2)",2.091,0.6419,2.60,125.63,80.07,20.38,Y,,207398,49.89,0.00992,,60600
"207945 (1991 JW)",1.039,0.1186,8.71,53.85,301.95,19.60,Y,,207945,92.10,0.0201,0.423,60600
"208115 (2000 CT101)",1.299,0.3547,23.30,135.55,292.43,20.84,Y,,208115,278.65,0.0129,,60600
"214869 (2007 PA8)",2.849,0.6530,2.00,141.30,293.85,16.51,Y,,214869,175.77,0.0304,,60600
"215588 (2003 HF2)",1.114,0.6755,3.06,189.88,231.04,19.42,Y,,215588,195.33,0.00324,0.488,60600
"216115 (2006 SU19)",1.527,0.5864,2.09,152.22,10.63,18.94,Y,,216115,92.91,0.0351,,60600
"216258 (2006 WH1)",1.671,0.4849,2.63,240.31,263.68,20.33,Y,,216258,65.58,0.0237,,60600
"216985 (2000 QK130)",1.181,0.2620,4.72,173.81,66.40,21.34,Y,,216985,358.14,0.000899,,60600
"217430 (2005 SN25)",1.23,0.2706,13.01,168.27,45.20,19.64,Y,,217430,121.18,0.0263,,60600
"217628 Lugh (1990 HA)",2.527,0.7115,4.44,177.75,316.15,16.68,Y,,217628,160.51,0.0334,1.4,60600
"220839 (2004 VA)",1.901,0.5949,3.69,109.45,43.48,17.46,Y,,220839,180.72,0.0231,,60600
"221455 (2006 BC10)",2.017,0.6577,0.92,21.04,234.30,19.52,Y,,221455,142.51,0.00609,,60600
"221980 (1996 EO)",1.342,0.4008,21.59,356.46,64.69,19.11,Y,,221980,213.52,0.0336,0.432,60600
"226514 (2003 UX34)",1.095,0.6159,2.56,4.30,218.58,20.20,Y,,226514,241.15,0.0151,,60600
"226554 (2003 WR21)",1.118,0.2615,9.27,85.76,108.11,19.62,Y,,226554,123.09,0.0295,0.482,60600
"228368 (2000 WK10)",1.479,0.7020,14.73,57.93,244.51,18.63,Y,,228368,150.90,0.0226,,60600
"230549 (2003 BH)",1.457,0.3561,13.11,119.76,313.41,20.78,Y,,230549,158.58,0.0292,0.217,60600
"231937 (2001 FO32)",1.699,0.8258,39.01,181.71,123.36,17.58,Y,,231937,202.09,0.00208,0.55,60600
"232691 (2004 AR1)",1.576,0.4695,9.08,336.51,50.31,19.86,Y,,232691,206.69,0.0313,,60600
"235756 (2004 VC)",1.133,0.2589,39.15,194.16,94.18,18.58,Y,,235756,257.83,0.0354,1.136,60600
"242450 (2004 QY2)",1.084,0.4772,37.03,295.27,104.98,14.65,Y,,242450,234.73,0.0462,2.914,60600
"242643 (2005 NZ6)",1.833,0.8652,8.41,38.79,48.96,17.38,Y,,242643,237.52,0.00589,1.989,60600
"242708 (2005 UK1)",2.501,0.6953,0.79,180.30,345.94,18.12,Y,,242708,238.37,0.0109,,60600
"243566 (1995 SA)",2.463,0.6420,19.58,169.02,54.30,17.37,Y,,243566,255.75,0.0407,0.881,60600
"244977 (2004 BE68)",1.761,0.4446,15.74,210.88,191.28,18.48,Y,,244977,343.49,0.0107,0.495,60600
"247360 (2001 XU)",2.573,0.8366,19.07,260.98,286.06,19.36,Y,,247360,181.52,0.00607,,60600
"250620 (2005 GE59)",2.109,0.6025,16.08,194.74,243.02,18.07,Y,,250620,196.79,0.0319,0.654,60600
"250706 (2005 RR6)",2.957,0.7011,6.93,27.27,59.96,18.55,Y,,250706,258.29,0.034,0.535,60600
"251346 (2007 SJ)",2.015,0.5332,8.18,306.76,175.25,16.89,Y,,251346,271.06,0.0405,,60600
"251722 (1997 US2)",1.675,0.6608,3.17,65.89,100.33,19.82,Y,,251722,115.60,0.00639,,60600
"253841 (2003 YG118)",2.28,0.6461,8.03,347.42,233.54,17.28,Y,,253841,330.41,0.0104,,60600
"255071 (2005 UH6)",1.001,0.6325,2.64,19.29,200.25,18.36,Y,,255071,53.56,0.0233,,60600
"260141 (2004 QT24)",1.133,0.2519,17.75,36.10,76.64,18.31,Y,,260141,130.60,0.00771,,60600
"263976 (2009 KD5)",1.046,0.2615,13.47,104.49,294.37,18.40,Y,,263976,26.87,0.0492,0.785,60600
"264993 (2003 DX10)",1.375,0.4108,3.15,61.75,194.06,20.42,Y,,264993,95.46,0.0445,,60600
"265196 (2004 BW58)",1.455,0.3787,15.21,132.61,301.85,18.84,Y,,265196,328.22,0.0389,0.361,60600
"265482 (2005 EE)",1.129,0.3277,6.17,110.78,284.75,21.21,Y,,265482,214.47,0.0181,,60600
"267131 (2000 EK26)",2.41,0.6573,15.65,126.39,305.54,18.21,Y,,267131,240.69,0.00385,,60600
"267221 (2001 AD2)",1.04,0.6598,1.64,210.54,111.95,19.85,Y,,267221,235.31,0.00821,0.562,60600
"267337 (2001 VK5)",1.269,0.5140,19.43,54.22,263.93,18.06,Y,,267337,64.72,0.00065,0.439,60600
"267494 (2002 JB9)",2.719,0.7843,46.76,70.21,278.00,16.18,Y,,267494,341.38,0.0305,,60600
"267720 (2003 CA)",1.379,0.7196,21.15,126.17,234.82,18.93,Y,,267720,185.74,0.0493,,60600
"267729 (2003 FC5)",1.917,0.6087,5.83,188.76,271.26,18.46,Y,,267729,64.82,0.0332,,60600
"269690 (1996 RG3)",2.001,0.6037,3.58,158.05,300.27,18.47,Y,,269690,297.31,0.0022,0.888,60600
"275677 (2000 RS11)",1.28,0.3205,17.10,172.16,301.69,19.22,Y,,275677,146.18,0.00716,,60600
"276033 (2002 AJ129)",1.37,0.9149,15.44,138.01,211.04,18.78,Y,,276033,85.46,0.00568,,60600
"277475 (2005 WK4)",1.011,0.2374,9.84,138.11,74.13,20.22,Y,,277475,83.30,0.00371,,60600
"277570 (2005 YP180)",1.372,0.6170,4.11,288.91,92.47,19.34,Y,,277570,276.63,0.0162,0.439,60600
"279744 (1998 KM3)",1.67,0.6108,4.66,263.02,85.36,19.86,Y,,279744,37.82,0.00233,,60600
"279816 (2000 JE5)",1.238,0.4006,50.74,41.23,285.16,19.27,Y,,279816,202.01,0.0463,,60600
"286080 (2001 TX1)",1.047,0.4825,2.80,159.14,354.18,21.24,Y,,286080,86.91,0.0424,,60600
"288807 (2004 RW164)",1.49,0.3766,36.78,164.93,342.88,18.46,Y,,288807,246.85,0.0497,,60600
"289315 (2005 AN26)",2.32,0.6379,4.92,175.79,208.49,18.51,Y,,289315,238.91,0.0384,,60600
"290772 (2005 VC)",2.085,0.5929,4.49,227.79,290.38,17.47,Y,,290772,27.83,0.0206,,60600
"292220 (2006 SU49)",1.412,0.3117,2.52,303.06,199.10,19.39,Y,,292220,153.84,0.000603,,60600
"294739 (2008 CM)",1.566,0.4080,36.01,279.54,130.69,17.04,Y,,294739,196.87,0.0447,0.740,60600
"297274 (1996 SK)",2.445,0.7905,1.97,195.51,286.33,16.93,Y,,297274,113.57,0.00627,1.199,60600
"297300 (1998 SC15)",1.273,0.4144,16.08,198.68,277.49,19.29,Y,,297300,337.60,0.000468,0.320,60600
"301844 (1990 UA)",1.642,0.5260,0.93,104.28,202.58,19.71,Y,,301844,87.51,0.012,0.4,60600
"302831 (2003 FH)",1.389,0.5406,25.80,24.12,274.37,19.12,Y,,302831,5.07,0.0146,,60600
"303450 (2005 BY2)",1.269,0.3306,7.29,74.44,130.28,20.55,Y,,303450,240.46,0.0404,0.187,60600
"304330 (2006 SX217)",1.412,0.3103,21.04,32.60,176.24,18.90,Y,,304330,92.72,0.0293,0.780,60600
"307005 (2001 XP1)",2.89,0.7528,39.21,268.07,246.31,18.14,Y,,307005,215.45,0.0169,,60600
"308635 (2005 YU55)",1.157,0.4305,0.34,35.93,273.56,21.91,Y,-0.12,308635,189.35,0.000429,0.4,60600
"310560 (2001 QL142)",1.049,0.4991,26.60,165.55,72.15,17.80,Y,,310560,267.48,0.0482,0.654,60600
"311044 (2004 BB103)",1.908,0.6220,55.86,271.07,71.49,17.11,Y,,311044,332.19,0.0331,,60600
"311066 (2004 DC)",1.634,0.3996,19.46,74.90,156.37,18.29,Y,,311066,296.12,0.00784,,60600
"314082 Dryope (2005 CZ36)",2.235,0.5766,16.18,116.62,139.53,17.50,Y,,314082,272.32,0.0158,,60600
"314212 (2005 NJ1)",2.132,0.6511,6.46,316.16,82.62,18.57,Y,,314212,45.75,0.0229,,60600
"317255 (2002 DJ5)",1.401,0.5678,6.43,347.86,296.19,19.87,Y,,317255,161.26,0.0402,,60600
"329614 (2003 KU2)",2.69,0.6770,5.40,105.21,246.81,17.79,Y,,329614,272.06,0.027,,60600
"330233 (2006 KV86)",1.543,0.3740,37.08,220.04,153.86,18.82,Y,,330233,90.72,0.00149,,60600
"331876 (2004 CL)",1.284,0.5362,13.31,109.39,274.69,20.56,Y,,331876,123.38,0.0224,,60600
"332446 (2008 AF4)",1.38,0.4101,8.93,109.31,293.35,19.69,Y,,332446,146.62,0.00212,,60600
"333521 (2005 PO)",1.252,0.3731,12.51,300.48,249.55,20.08,Y,,333521,346.44,0.0167,,60600
"333578 (2006 KM103)",1.573,0.3766,11.68,169.45,197.03,20.20,Y,,333578,35.66,0.0128,0.204,60600
"337075 (1998 QC1)",1.984,0.5901,9.65,308.34,115.47,19.81,Y,,337075,101.77,0.018,,60600
"337558 (2001 SG262)",1.962,0.5829,4.82,359.03,100.26,19.44,Y,,337558,115.78,0.0304,,60600
"342866 (2008 YU32)",1.537,0.5955,3.41,232.57,83.97,20.24,Y,,342866,142.65,0.00636,,60600
"344076 (1998 HJ3)",1.985,0.7463,6.56,223.55,94.19,18.99,Y,,344076,137.52,0.0108,,60600
"348314 (2005 BC)",1.19,0.2781,30.12,292.45,84.20,18.01,Y,,348314,123.73,0.0458,,60600
"349068 (2006 YT13)",1.323,0.4258,38.24,116.69,105.45,18.34,Y,,349068,205.04,0.0368,0.496,60600
"349507 (2008 QY)",1.168,0.5817,13.56,1.91,254.90,18.50,Y,,349507,338.34,0.0307,,60600
"350523 (2000 EA14)",1.117,0.2026,3.56,203.83,206.06,21.16,Y,,350523,39.54,0.0434,,60600
"350751 (2002 AW)",1.072,0.2567,0.57,161.76,119.33,20.82,Y,,350751,42.35,0.00488,,60600
"352102 (2007 AG12)",2.09,0.6565,41.97,305.39,68.23,19.35,Y,,352102,354.95,0.0473,,60600
"354182 (2002 DU3)",1.145,0.2383,8.71,0.61,245.59,20.77,Y,,354182,102.40,0.00623,,60600
"356991 (1998 QA1)",2.102,0.5339,8.19,298.85,333.15,19.07,Y,,356991,223.83,0.00197,,60600
"357022 (1999 YG3)",1.285,0.3295,34.52,293.25,250.24,19.07,Y,,357022,318.54,0.0427,0.432,60600
"357024 (1999 YR14)",1.651,0.4000,3.73,2.98,9.70,19.47,Y,,357024,285.74,0.0065,0.255,60600
"357028 (2000 EJ26)",1.383,0.6147,9.23,10.48,285.90,19.46,Y,,357028,347.63,0.008,,60600
"357439 (2004 BL86)",1.502,0.4025,23.78,126.65,311.51,19.29,Y,,357439,120.93,0.00891,,60600
"357594 (2004 XL35)",1.355,0.2784,27.30,73.75,356.21,19.64,Y,,357594,210.77,0.00644,,60600
"357622 (2005 EY95)",1.084,0.5384,3.17,72.86,342.14,20.32,Y,,357622,197.54,0.0401,,60600
"358471 (2007 NS4)",1.875,0.5972,5.78,10.96,47.58,19.18,Y,,358471,213.25,0.0387,,60600
"358744 (2008 CR118)",1.842,0.5118,3.92,121.42,157.22,18.99,Y,,358744,180.30,0.0286,,60600
"359170 (2009 CN5)",1.545,0.4655,11.91,349.71,53.25,19.95,Y,,359170,97.78,0.0347,,60600
"359369 (2009 YG)",2.15,0.6960,3.38,138.62,67.77,18.52,Y,,359369,237.63,0.0116,,60600
"360191 (1988 TA)",1.54,0.4786,2.53,194.65,105.26,21.08,Y,,360191,329.39,0.0058,0.4,60600
"361754 (2007 YV29)",1.373,0.3568,21.88,59.30,321.87,19.18,Y,,361754,201.77,0.0463,,60600
"363024 (1998 OK1)",1.356,0.4293,13.99,109.64,298.64,19.42,Y,,363024,160.98,0.0394,0.558,60600
"363067 (2000 CO101)",1.076,0.0901,15.32,353.03,64.95,19.21,Y,,363067,125.28,0.0224,,60600
"363116 (2001 GQ2)",1.214,0.5030,21.82,37.11,280.30,20.32,Y,,363116,153.15,0.00439,,60600
"363305 (2002 NV16)",1.239,0.2208,3.50,183.26,179.24,21.41,Y,,363305,12.50,0.0282,,60600
"363344 (2002 QC7)",1.169,0.1960,26.80,336.01,184.47,19.98,Y,,363344,354.54,0.0476,,60600
"363599 (2004 FG11)",1.587,0.7236,3.14,83.45,228.81,21.04,Y,,363599,69.50,0.0204,0.152,60600
"363734 (2004 XN50)",1.681,0.7782,3.31,62.40,253.41,18.82,Y,,363734,55.37,0.00826,,60600
"363790 (2005 JE46)",1.903,0.5523,8.27,238.33,114.77,17.85,Y,,363790,90.46,0.029,,60600
"363831 (2005 PY16)",1.976,0.5250,6.41,159.31,193.53,19.35,Y,,363831,327.45,0.0418,0.371,60600
"365014 (2008 OX2)",1.048,0.6019,6.65,220.11,252.03,20.10,Y,,365014,293.32,0.0322,,60600
"365071 (2009 AV)",1.03,0.0739,45.87,150.73,322.13,18.18,Y,,365071,79.79,0.0195,0.674,60600
"366746 (2004 LJ)",1.087,0.4614,18.28,246.69,256.10,20.16,Y,,366746,52.20,0.027,,60600
"366774 (2004 TB18)",1.815,0.4507,13.20,120.98,13.18,17.87,Y,,366774,10.58,0.021,0.859,60600
"367248 (2007 MK13)",1.025,0.1397,19.88,95.08,259.97,20.21,Y,,367248,185.35,0.0322,0.386,60600
"367789 (2011 AG5)",1.424,0.3882,3.69,135.59,54.05,21.77,Y,,367789,336.11,0.000169,,60600
"368203 (2001 KO2)",2.479,0.6177,12.46,242.30,328.84,20.56,Y,,368203,339.25,0.00555,,60600
"368565 (2004 FE5)",1.245,0.6005,18.30,189.40,243.47,20.09,Y,,368565,337.80,0.0355,,60600
"369057 (2008 DK5)",1.555,0.6151,4.27,345.62,81.00,21.32,Y,,369057,237.26,0.00882,,60600
"369264 (2009 MS)",2.005,0.5700,52.38,252.05,219.54,16.34,Y,,369264,269.44,0.043,1.515,60600
"371660 (2007 CN26)",1.292,0.2693,7.59,159.27,135.69,21.11,Y,,371660,231.68,0.00234,0.230,60600
"373135 (2011 SD173)",1.653,0.4974,4.39,203.12,59.49,19.52,Y,,373135,122.83,0.00161,1.050,60600
"374038 (2004 HW)",2.691,0.6353,0.83,219.87,62.78,17.20,Y,,374038,223.39,0.00924,,60600
"374158 (2004 UL)",1.266,0.9266,23.85,39.47,149.68,18.67,Y,,374158,319.04,0.0173,,60600
"374851 (2006 VV2)",2.387,0.6054,23.73,9.82,145.04,16.72,Y,,374851,280.26,0.012,,60600
"374855 (2006 VQ13)",1.099,0.4458,16.70,233.68,73.80,20.11,Y,,374855,251.14,0.00858,,60600
"375054 (2007 PF6)",1.298,0.4164,25.60,316.33,251.27,20.81,Y,,375054,279.71,0.0294,,60600
"375103 (2007 TD71)",1.286,0.2799,49.75,49.58,220.75,18.50,Y,,375103,308.16,0.0293,,60600
"377097 (2002 WQ4)",1.958,0.5564,3.94,266.87,244.62,19.69,Y,,377097,320.91,0.0194,,60600
"377732 (2005 XJ8)",1.931,0.6204,23.56,115.79,67.46,17.07,Y,,377732,337.57,0.0148,0.986,60600
"378358 (2007 LD)",1.726,0.4393,16.51,226.16,316.98,19.32,Y,,378358,257.82,0.0381,,60600
"381906 (2010 CL19)",1.543,0.6455,7.31,243.78,76.82,17.80,Y,,381906,271.11,0.0114,0.520,60600
"382395 (1990 SM)",2.106,0.7639,11.61,136.17,107.74,16.46,Y,,382395,81.91,0.0319,,60600
"382406 (1996 AJ1)",1.31,0.7814,2.54,90.94,238.33,20.57,Y,,382406,121.03,0.00487,,60600
"382745 (2003 CC)",1.501,0.3268,2.32,136.29,103.24,20.41,Y,,382745,225.18,0.0364,,60600
"382758 (2003 GY)",1.38,0.3172,4.67,321.79,334.15,20.19,Y,,382758,36.00,0.0228,,60600
"382825 (2003 XB22)",1.405,0.3935,29.96,108.76,118.29,19.30,Y,,382825,94.91,0.0127,,60600
"385252 (2001 EB18)",1.053,0.1837,50.06,155.46,101.92,19.41,Y,,385252,231.63,0.0287,,60600
"385343 (2002 LV)",2.314,0.6052,29.53,132.15,224.23,16.56,Y,,385343,100.45,0.00784,1.359,60600
"385605 (2005 EJ225)",1.706,0.5736,8.86,341.99,290.71,18.95,Y,,385605,230.95,0.0176,,60600
"386454 (2008 XM)",1.222,0.9093,5.45,240.61,27.39,20.03,Y,,386454,301.03,0.00469,0.367,60600
"386847 (2010 LR33)",1.692,0.4625,5.83,352.07,333.22,18.06,Y,,386847,169.15,0.029,0.663,60600
"387505 (1998 KN3)",1.542,0.8734,2.29,313.24,71.25,18.78,Y,,387505,248.78,0.0182,1.060,60600
"387668 (2002 SZ)",1.297,0.4335,22.89,346.84,276.56,20.51,Y,,387668,22.88,0.00223,,60600
"387746 (2003 MH4)",1.964,0.5133,3.90,259.55,323.53,20.10,Y,,387746,287.43,0.00335,0.366,60600
"388188 (2006 DP14)",1.365,0.7762,11.77,317.11,59.34,19.00,Y,,388188,277.05,0.0162,,60600
"388945 (2008 TZ3)",1.592,0.3919,8.69,43.95,219.68,20.45,Y,,388945,61.87,0.0176,,60600
"389694 (2011 QD48)",1.545,0.4921,19.07,358.79,106.79,18.20,Y,,389694,216.68,0.02,0.451,60600
"390929 (2005 GP21)",1.308,0.2246,18.80,9.99,1.42,20.44,Y,,390929,195.68,0.014,,60600
"395207 (2010 HQ80)",1.568,0.4893,27.85,218.47,66.30,19.62,Y,,395207,79.78,0.00659,0.724,60600
"399457 (2002 PD43)",2.507,0.9563,25.94,315.04,210.99,19.30,Y,,399457,223.99,0.0266,,60600
"399774 (2005 NB7)",2.044,0.5174,12.70,199.16,348.16,18.80,Y,,399774,237.64,0.00571,,60600
"401856 (2000 KW43)",1.452,0.4779,24.27,82.62,63.60,20.27,Y,,401856,18.63,0.0454,,60600
"405212 (2003 QC10)",1.373,0.7313,5.04,359.96,120.87,18.04,Y,,405212,17.92,0.00167,,60600
"405762 (2005 YO180)",1.481,0.4480,5.77,7.72,87.75,20.29,Y,,405762,181.60,0.0376,,60600
"406213 (2007 AB2)",1.919,0.5457,1.46,126.84,280.93,20.34,Y,,406213,265.78,0.0131,,60600
"408792 (2000 GF2)",1.341,0.3777,9.63,176.01,108.10,20.56,Y,,408792,243.93,0.0108,,60600
"409836 (2006 QY110)",1.924,0.5741,6.40,222.61,221.63,18.07,Y,,409836,261.88,0.0318,0.554,60600
"410627 (2008 RG1)",1.316,0.4431,13.09,347.79,257.45,20.89,Y,,410627,298.99,0.0127,,60600
"410778 (2009 FG19)",2.912,0.7191,54.50,187.51,120.40,18.14,Y,,410778,17.41,0.0256,1.457,60600
"413989 (2007 EL88)",1.12,0.5218,30.84,198.44,116.16,19.07,Y,,413989,235.72,0.0367,,60600
"414287 (2008 OB9)",3.203,0.7597,13.50,202.70,238.56,17.73,Y,,414287,262.76,0.0123,1.974,60600
"414990 (2011 EM51)",1.321,0.3353,1.86,134.15,142.26,21.90,Y,,414990,285.47,0.013,,60600
"415029 (2011 UL21)",2.123,0.6536,34.89,275.32,285.00,15.94,Y,,415029,50.22,0.0181,,60600
"415745 (2000 GV147)",1.747,0.4570,10.56,68.64,216.11,19.34,Y,,415745,194.22,0.00187,,60600
"416151 (2002 RQ25)",1.112,0.3064,4.57,10.46,225.74,20.68,Y,,416151,34.37,0.0499,,60600
"416195 (2002 TR190)",1.077,0.1599,26.92,24.21,104.79,19.44,Y,,416195,171.49,0.00678,,60600
"416591 (2004 LC2)",1.865,0.7347,10.98,84.25,290.72,18.66,Y,,416591,333.82,0.0284,,60600
"416801 (2005 GC120)",1.193,0.4974,16.54,67.93,258.31,19.65,Y,,416801,273.19,0.00586,0.906,60600
"417211 (2005 XL80)",1.727,0.4872,10.91,53.31,143.78,18.25,Y,,417211,63.13,0.0419,,60600
"417612 (2006 WQ29)",1.601,0.3938,8.07,111.97,136.61,18.44,Y,,417612,114.76,0.0208,,60600
"417634 (2006 XG1)",2.458,0.5958,20.50,38.46,344.14,18.57,Y,,417634,232.29,0.0148,0.418,60600
"417816 (2007 FA)",1.25,0.2657,16.33,156.40,135.44,20.27,Y,,417816,132.23,0.0278,,60600
"417871 (2007 MB24)",1.876,0.6999,47.71,271.11,269.13,18.32,Y,,417871,288.97,0.0265,,60600
"417949 (2007 TB23)",1.262,0.1977,38.29,40.10,173.86,18.74,Y,,417949,173.05,0.00795,,60600
"418094 (2007 WV4)",1.486,0.4407,38.34,249.86,297.67,19.67,Y,,418094,50.43,0.0162,0.890,60600
"418135 (2008 AG33)",1.459,0.3367,16.01,38.29,155.54,19.36,Y,,418135,156.61,0.0144,,60600
"418416 (2008 LV16)",2.089,0.6255,4.72,236.47,121.97,20.30,Y,,418416,125.34,0.00624,,60600
"418849 (2008 WM64)",1.006,0.1064,33.52,91.43,256.77,20.47,Y,,418849,5.97,0.0356,,60600
"419472 (2010 DW1)",1.225,0.2002,23.77,157.11,9.65,19.99,Y,,419472,286.45,0.00625,0.459,60600
"419624 (2010 SO16)",1.004,0.0754,14.51,40.35,109.24,20.44,Y,,419624,202.51,0.0307,0.357,60600
"419880 (2011 AH37)",2.548,0.6721,9.66,102.04,322.40,19.83,Y,,419880,156.59,0.0348,0.982,60600
"420210 (2011 HF)",1.284,0.2346,10.62,204.88,149.66,20.44,Y,,420210,327.18,0.0106,,60600
"422699 (2000 PD3)",1.999,0.5920,7.70,298.64,110.23,18.28,Y,,422699,171.27,0.0274,0.619,60600
"422787 (2001 WS1)",2.591,0.6184,13.24,1.29,5.23,17.03,Y,,422787,175.00,0.0124,,60600
"423709 (2006 BQ6)",1.472,0.4049,13.00,307.62,304.80,19.75,Y,,423709,96.61,0.00933,,60600
"424482 (2008 DG5)",1.255,0.2426,5.71,244.01,59.72,19.68,Y,,424482,166.89,0.0193,,60600
"428209 (2006 VC)",1.942,0.4920,12.25,87.53,19.22,20.12,Y,,428209,207.28,0.0195,,60600
"429094 (2009 SG2)",1.121,0.1702,25.98,9.07,252.98,20.06,Y,,429094,327.80,0.0373,,60600
"429584 (2011 EU29)",2.503,0.6999,2.57,177.14,251.23,19.80,Y,,429584,175.49,0.00327,,60600
"430440 (2000 OH)",2.421,0.5931,18.75,283.62,355.55,17.67,Y,,430440,156.99,0.0293,,60600
"430544 (2002 GM2)",2.201,0.8068,3.35,338.95,84.77,18.76,Y,,430544,355.67,0.011,,60600
"430804 (2005 AD13)",1.949,0.7549,12.38,102.74,263.66,17.89,Y,,430804,115.72,0.0174,,60600
"433953 (1997 XR2)",1.076,0.2008,7.19,250.66,84.65,20.96,Y,,433953,91.54,0.000622,0.259,60600
"434096 (2002 GO5)",1.896,0.7679,13.77,22.60,65.35,18.15,Y,,434096,244.76,0.0319,0.528,60600
"434188 (2003 AD23)",1.645,0.7627,23.34,101.48,241.67,19.09,Y,,434188,152.29,0.0329,,60600
"434196 (2003 HG2)",1.062,0.1346,19.78,214.24,225.40,21.61,Y,,434196,345.51,0.0398,,60600
"434633 (2005 WB1)",1.264,0.3554,22.88,61.41,265.73,20.67,Y,,434633,164.11,0.0478,0.310,60600
"434677 (2006 BZ7)",1.49,0.3665,68.42,262.95,188.79,17.46,Y,,434677,101.09,0.0369,,60600
"434734 (2006 FX)",1.495,0.4380,24.64,181.15,299.49,20.02,Y,,434734,83.19,0.00057,,60600
"435159 (2007 LQ19)",2.605,0.6299,17.06,110.83,207.69,17.14,Y,,435159,40.28,0.00569,,60600
"435548 (2008 QT3)",2.012,0.5285,7.25,271.90,160.98,18.87,Y,,435548,196.12,0.011,,60600
"436329 (2010 GX62)",2.971,0.6990,21.83,206.93,317.00,20.09,Y,,436329,316.16,0.00282,0.622,60600
"436724 (2011 UW158)",1.621,0.3765,4.57,285.95,8.82,19.98,Y,,436724,174.09,0.00175,,60600
"436774 (2012 KY3)",1.232,0.4864,21.39,21.51,87.25,18.41,Y,,436774,78.98,0.0229,,60600
"437905 (2001 XU30)",2.198,0.6637,8.93,72.00,107.12,19.98,Y,,437905,348.02,0.00449,,60600
"438105 (2005 GO22)",1.914,0.8234,1.56,61.76,19.09,18.77,Y,,438105,153.06,0.0186,,60600
"438661 (2008 EP6)",1.209,0.2932,17.72,303.22,130.30,19.23,Y,,438661,231.82,0.0463,,60600
"438908 (2009 XO)",1.859,0.5434,0.35,27.95,140.52,20.63,Y,,438908,287.57,0.00184,,60600
"438955 (2010 LN14)",1.154,0.4746,1.47,342.96,33.25,21.01,Y,,438955,138.77,0.0181,,60600
"439313 (2012 VE82)",2.11,0.5437,9.92,110.40,186.45,19.66,Y,,439313,12.64,0.0481,,60600
"439437 (2013 NK4)",1.023,0.5499,6.55,33.70,50.57,18.94,Y,,439437,233.00,0.0154,,60600
"439877 (1999 XM141)",1.236,0.3691,21.62,72.98,105.80,19.69,Y,,439877,337.80,0.0326,,60600
"440212 (2004 OB)",1.681,0.4304,3.44,174.52,223.35,18.96,Y,,440212,55.29,0.0116,,60600
"441641 (2008 WZ13)",1.995,0.5625,8.20,51.73,133.93,18.62,Y,,441641,165.73,0.0123,,60600
"441987 (2010 NY65)",1.003,0.3701,11.54,267.92,252.07,21.36,Y,,441987,175.65,0.0171,0.228,60600
"442037 (2010 PR66)",2.927,0.6872,17.60,292.75,319.52,19.27,Y,,442037,310.29,0.000703,0.695,60600
"442523 (2011 WU95)",1.667,0.4245,6.72,67.67,242.41,19.51,Y,,442523,75.48,0.0482,,60600
"443103 (2013 WT67)",1.035,0.1922,21.47,322.75,99.03,17.97,Y,,443103,159.08,0.0137,,60600
"443806 (1998 FL3)",1.26,0.2478,26.39,180.10,121.34,21.72,Y,,443806,192.54,0.0402,0.288,60600
"443880 (2001 UZ16)",1.76,0.4263,12.67,323.10,28.63,19.38,Y,,443880,320.12,0.0308,0.228,60600
"444004 (2004 AS1)",1.07,0.1744,17.21,322.53,262.12,20.67,Y,,444004,174.80,0.024,,60600
"444193 (2005 SE71)",1.069,0.1944,24.83,39.10,78.29,18.19,Y,,444193,22.73,0.00214,0.437,60600
"444584 (2006 UK)",1.494,0.5389,4.75,243.92,252.35,20.25,Y,,444584,255.97,0.014,,60600
"445305 (2010 DM56)",1.306,0.2927,25.60,349.61,48.17,19.71,Y,,445305,350.69,0.00644,0.762,60600
"445974 (2013 BJ18)",1.478,0.3640,3.71,90.82,159.61,20.29,Y,,445974,98.51,0.025,,60600
"446791 (1998 SJ70)",2.237,0.7056,7.30,21.43,246.99,18.52,Y,,446791,304.35,0.0271,,60600
"446862 (2001 VB76)",1.459,0.3483,4.24,259.39,248.50,20.54,Y,,446862,307.50,0.0429,,60600
"447755 (2007 JX2)",1.708,0.5261,4.22,44.31,87.95,19.77,Y,,447755,320.24,0.0324,,60600
"448003 (2008 DE)",1.714,0.4140,14.77,55.91,179.20,19.64,Y,,448003,114.00,0.00495,,60600
"448721 (2011 BN24)",1.544,0.4125,3.94,195.74,61.85,20.98,Y,,448721,328.23,0.0163,,60600
"450142 (1998 XN2)",1.998,0.5420,1.79,255.19,127.00,19.88,Y,,450142,66.15,0.00817,,60600
"450263 (2003 WD158)",1.426,0.4091,16.73,92.20,102.39,18.85,Y,,450263,17.09,0.0476,,60600
"450270 (2004 AE)",1.432,0.3326,18.72,307.56,193.19,20.60,Y,,450270,30.60,0.0213,,60600
"450293 (2004 LV3)",1.231,0.2757,35.34,273.47,121.35,18.83,Y,,450293,237.45,0.0115,,60600
"450894 (2008 BT18)",2.22,0.5946,8.15,107.53,139.40,18.17,Y,,450894,338.58,0.0124,,60600
"451003 (2008 UD1)",1.716,0.4637,6.48,154.19,6.69,19.53,Y,,451003,308.36,0.049,,60600
"451124 (2009 KC3)",3.209,0.6984,10.01,340.11,337.28,18.08,Y,,451124,231.75,0.00631,2.188,60600
"451157 (2009 SQ104)",1.285,0.2795,4.02,56.52,95.68,21.13,Y,,451157,352.48,0.0387,,60600
"451297 (2010 TK54)",1.84,0.4960,30.79,28.14,223.01,19.19,Y,,451297,316.01,0.014,,60600
"451370 (2011 AK5)",1.188,0.2308,5.52,316.78,325.69,21.48,Y,,451370,57.90,0.0376,,60600
"452302 (1995 YR1)",1.698,0.8268,3.58,106.52,110.04,20.23,Y,,452302,335.76,0.0139,,60600
"452376 (2002 AC5)",1.76,0.4937,16.55,82.37,331.72,19.97,Y,,452376,290.44,0.0475,,60600
"452807 (2006 KV89)",1.15,0.2726,3.55,71.69,87.81,21.52,Y,,452807,19.64,0.0142,,60600
"453707 (2010 XY72)",1.133,0.2287,31.48,34.42,307.01,18.73,Y,,453707,210.45,0.0473,0.495,60600
"453729 (2011 BO24)",1.381,0.2780,20.37,91.47,178.61,18.81,Y,,453729,40.06,0.0183,,60600
"454094 (2013 BZ45)",1.015,0.1448,11.85,131.05,98.76,21.87,Y,,454094,96.20,0.0257,0.167,60600
"454100 (2013 BO73)",1.331,0.4182,4.54,24.78,298.15,20.18,Y,,454100,356.14,0.0178,0.548,60600
"454101 (2013 BP73)",1.328,0.6287,6.85,80.03,251.89,20.45,Y,,454101,323.38,0.00217,,60600
"455148 (1994 UG)",1.239,0.2929,5.21,13.60,225.47,21.12,Y,,455148,42.93,0.0232,,60600
"455176 (1999 VF22)",1.313,0.7388,3.92,3.22,271.98,20.70,Y,,455176,243.48,0.0342,,60600
"455299 (2002 EL6)",2.304,0.5779,9.53,84.87,186.71,18.05,Y,,455299,145.71,0.0368,0.537,60600
"456938 (2007 YV56)",1.576,0.6221,6.24,102.36,265.75,21.02,Y,,456938,203.84,0.00492,,60600
"457662 (2009 DZ)",1.453,0.3021,14.11,151.44,335.89,22.00,Y,,457662,349.33,0.0456,,60600
"457768 (2009 KN4)",1.941,0.5247,9.14,308.21,38.35,18.39,Y,,457768,219.58,0.0102,,60600
"458116 (2010 DA)",1.03,0.5657,20.54,162.31,122.24,20.29,Y,,458116,285.48,0.00623,,60600
"458122 (2010 EW45)",2.067,0.6690,2.12,232.92,135.58,17.61,Y,,458122,353.60,0.019,,60600
"458418 (2011 AM12)",1.854,0.5377,38.50,124.76,237.74,19.47,Y,,458418,199.81,0.00832,,60600
"458723 (2011 KQ12)",1.811,0.5030,19.29,83.61,142.91,19.48,Y,,458723,174.35,0.0411,,60600
"459683 (2013 MY5)",1.662,0.4532,3.00,102.88,279.04,19.79,Y,,459683,61.87,0.0322,0.269,60600
"461852 (2006 GY2)",1.858,0.4959,30.56,54.29,216.73,18.90,Y,,461852,87.41,0.00575,,60600
"462550 (2009 CB3)",1.065,0.7237,21.50,158.73,229.52,19.63,Y,,462550,148.11,0.011,,60600
"462959 (2011 DU)",1.172,0.3178,2.95,176.87,120.20,21.11,Y,,462959,164.01,0.0175,,60600
"463387 (2013 CT82)",2.085,0.6248,1.80,271.38,90.54,18.43,Y,,463387,30.03,0.013,,60600
"465617 (2009 EK1)",1.241,0.2290,9.12,358.38,21.87,21.36,Y,,465617,230.00,0.032,,60600
"465633 (2009 JR5)",1.252,0.3514,3.95,128.18,309.95,20.44,Y,,465633,139.11,0.0241,,60600
"465824 (2010 FR)",1.131,0.3654,14.24,167.27,272.73,21.69,Y,,465824,98.40,0.00518,,60600
"465826 (2010 GA24)",2.097,0.5468,7.68,30.66,237.57,21.09,Y,,465826,261.43,0.0494,0.150,60600
"465892 (2010 UT7)",1.584,0.6605,25.43,65.75,277.34,19.70,Y,,465892,28.06,0.0186,,60600
"466130 (2012 FZ23)",2.483,0.6104,75.62,179.33,358.13,18.25,Y,,466130,71.08,0.0266,,60600
"466508 (2014 GY48)",1.61,0.4187,39.63,37.62,212.80,18.72,Y,,466508,29.81,0.022,,60600
"467309 (1996 AW1)",1.534,0.5181,4.77,117.51,229.45,19.95,Y,,467309,90.28,0.0399,,60600
"468005 (2012 XD112)",1.323,0.3658,3.72,97.77,76.79,21.18,Y,,468005,234.88,0.015,,60600
"468910 (2014 KQ76)",1.007,0.4233,4.77,127.63,325.15,21.67,Y,,468910,232.41,0.0415,,60600
"469896 (2005 WC1)",1.401,0.4865,19.98,264.94,256.82,20.67,Y,,469896,102.44,0.0134,,60600
"471240 (2011 BT15)",1.293,0.3024,1.66,105.35,308.81,21.70,Y,,471240,147.30,0.000634,,60600
"471241 (2011 BX18)",2.872,0.7312,14.62,310.56,304.22,18.58,Y,,471241,253.95,0.0329,1.451,60600
"471323 (2011 KW15)",1.17,0.4938,23.66,283.35,97.52,19.39,Y,,471323,143.20,0.0431,,60600
"471926 Jormungandr (2013 KN6)",1.466,0.8508,23.54,229.42,232.53,18.62,Y,,471926,183.06,0.049,,60600
"474158 (1999 FA)",1.078,0.1327,12.03,166.08,296.99,20.71,Y,,474158,5.21,0.00772,,60600
"474163 (1999 SO5)",1.086,0.0653,13.37,196.06,359.70,20.99,Y,,474163,214.77,0.0163,,60600
"474231 (2001 HZ7)",1.47,0.4983,5.43,156.28,312.87,20.01,Y,,474231,112.39,0.0463,,60600
"476601 (2008 SE85)",1.626,0.5251,29.61,177.42,294.90,19.80,Y,,476601,228.98,0.0233,,60600
"477162 (2009 ES)",1.436,0.3293,30.33,343.71,311.18,20.71,Y,,477162,280.63,0.0409,,60600
"477519 (2010 DJ56)",1.25,0.2453,34.84,149.91,309.28,19.15,Y,,477519,231.65,0.0288,0.321,60600
"478574 (2012 TS78)",1.608,0.3818,32.67,8.27,196.78,18.61,Y,,478574,123.69,0.00937,,60600
"480822 (1998 YM4)",1.477,0.7196,3.43,341.75,344.56,19.66,Y,,480822,176.01,0.0466,,60600
"480858 (2001 PT9)",1.468,0.4552,7.18,329.97,261.65,20.96,Y,,480858,51.99,0.0292,,60600
"480936 (2003 QH5)",1.26,0.2202,17.62,299.21,321.16,20.26,Y,,480936,27.81,0.00732,0.537,60600
"481457 (2006 XD2)",1.267,0.4251,3.56,65.59,109.53,21.12,Y,,481457,136.97,0.0177,,60600
"481482 (2007 CA19)",2.808,0.8215,9.60,169.92,102.60,17.58,Y,,481482,256.19,0.0198,,60600
"481532 (2007 LE)",1.839,0.5157,29.55,73.62,120.28,19.62,Y,,481532,4.16,0.0476,,60600
"482344 (2011 WL15)",1.352,0.2819,18.39,72.91,170.72,19.66,Y,,482344,234.60,0.0391,,60600
"482467 (2012 LK9)",2.512,0.6197,10.14,61.84,314.59,17.93,Y,,482467,350.14,0.0473,,60600
"482488 (2012 SW20)",2.462,0.6785,10.16,209.59,62.39,19.77,Y,,482488,63.97,0.00269,,60600
"482650 (2013 BK18)",1.626,0.4947,28.88,137.69,64.68,19.68,Y,,482650,217.81,0.0229,,60600
"482766 (2013 GF69)",1.967,0.4976,10.01,174.89,153.19,19.45,Y,,482766,357.04,0.0144,,60600
"482798 (2013 QK48)",1.586,0.8298,18.97,141.41,47.18,18.36,Y,,482798,269.75,0.0261,,60600
"483422 (2000 CE59)",1.138,0.1668,12.26,318.62,307.53,20.53,Y,,483422,16.23,0.00768,,60600
"483423 (2000 DO1)",1.43,0.6818,3.46,335.78,302.82,20.53,Y,,483423,110.43,0.0137,,60600
"483432 (2001 DF47)",1.215,0.3708,18.47,146.62,260.28,20.44,Y,,483432,293.85,0.0174,,60600
"483508 (2003 CR1)",1.453,0.4628,12.72,310.93,101.97,20.02,Y,,483508,179.82,0.0276,0.202,60600
"483560 (2004 BV1)",1.463,0.3673,12.16,96.74,223.28,19.26,Y,,483560,16.85,0.012,,60600
"483989 (2006 CY10)",1.96,0.4841,6.77,32.50,167.39,20.40,Y,,483989,274.89,0.0147,,60600
"484402 (2007 XH16)",1.187,0.2348,27.43,91.27,58.32,19.68,Y,,484402,323.00,0.0145,0.452,60600
"484506 (2008 ER7)",1.486,0.6241,2.24,323.41,81.04,20.16,Y,,484506,117.92,0.00119,,60600
"484976 (2009 UN3)",2.328,0.5756,37.43,141.96,338.75,18.52,Y,,484976,54.94,0.027,,60600
"485652 (2011 WO41)",3.024,0.7292,20.14,111.08,126.39,16.60,Y,,485652,150.80,0.0174,,60600
"488453 (1994 XD)",2.344,0.7337,4.33,96.02,249.55,19.24,Y,,488453,122.74,0.0199,,60600
"488490 (2000 AF205)",1.035,0.2770,2.41,219.90,127.51,21.90,Y,,488490,292.48,0.0184,,60600
"488515 (2001 FE90)",1.935,0.4952,8.81,98.38,145.42,20.71,Y,,488515,256.64,0.0138,,60600
"488789 (2004 XK50)",1.451,0.6886,38.23,94.05,104.02,19.13,Y,,488789,88.88,0.0415,1.039,60600
"489486 (2007 GS3)",1.061,0.1291,15.09,215.39,61.07,19.40,Y,,489486,306.17,0.0201,,60600
"490354 (2009 FF19)",1.213,0.4092,0.56,84.88,244.81,21.40,Y,,490354,127.29,0.00413,,60600
"494658 (2000 UG11)",1.929,0.5718,8.91,223.91,240.87,20.71,Y,,494658,322.34,0.00933,,60600
"494690 (2004 JQ1)",1.193,0.4500,32.83,77.05,272.66,20.10,Y,,494690,168.24,0.0315,,60600
"494697 (2004 SW55)",1.428,0.3340,8.79,75.12,352.85,20.77,Y,,494697,241.22,0.0307,,60600
"494975 (2009 WO106)",1.374,0.3853,17.35,281.69,134.68,19.18,Y,,494975,105.64,0.0495,,60600
"495187 (2012 VO76)",1.204,0.2150,36.95,229.47,297.36,21.05,Y,,495187,272.72,0.0361,,60600
"496005 (2007 XJ16)",2.258,0.5563,6.23,309.06,32.99,19.10,Y,,496005,32.92,0.0265,,60600
"496013 (2008 EL6)",1.728,0.4810,13.14,177.66,38.41,21.00,Y,,496013,93.80,0.0198,,60600
"496816 (1989 UP)",1.862,0.4722,3.85,53.16,17.82,20.54,Y,,496816,256.52,0.00594,0.3,60600
"496817 (1989 VB)",1.862,0.4601,2.18,37.85,330.92,19.99,Y,,496817,278.40,0.0168,0.4,60600
"496860 (1999 XL136)",1.819,0.6465,8.91,269.97,275.47,19.67,Y,,496860,28.38,0.00425,,60600
"496901 (2001 HB)",1.314,0.6940,9.28,195.82,238.00,20.69,Y,,496901,260.14,0.0133,,60600
"497117 (2004 FU4)",1.26,0.2639,23.25,31.56,46.31,18.33,Y,,497117,296.47,0.00256,,60600
"499582 (2010 TH19)",1.464,0.3101,6.83,254.20,201.50,20.53,Y,,499582,277.30,0.0368,0.461,60600
"500080 (2011 WV134)",2.795,0.6753,6.02,157.64,25.90,17.22,Y,,500080,250.63,0.018,,60600
"503861 (1998 WZ1)",2.163,0.5566,4.31,344.84,137.37,19.97,Y,,503861,35.72,0.023,,60600
"503941 (2003 UV11)",1.453,0.7626,5.93,31.78,124.95,19.65,Y,,503941,324.10,0.00787,0.260,60600
"504034 (2005 UJ159)",3.343,0.8317,35.61,80.25,95.79,17.62,Y,,504034,26.44,0.0389,,60600
"504256 (2006 VD13)",1.948,0.4837,11.71,313.94,162.89,19.07,Y,,504256,185.93,0.0336,,60600
"504680 (2009 EO2)",1.712,0.4807,11.48,264.63,220.60,19.78,Y,,504680,2.81,0.0127,,60600
"504800 (2010 CO1)",1.013,0.2179,24.02,351.56,252.71,21.48,Y,,504800,78.84,0.0222,0.380,60600
"505178 (2012 TV78)",1.816,0.5488,7.47,251.75,244.94,19.46,Y,,505178,268.57,0.014,,60600
"505657 (2014 SR339)",1.299,0.3038,29.79,138.74,299.64,18.48,Y,,505657,217.16,0.0368,0.971,60600
"506074 Svarog (2015 UM67)",1.558,0.6874,6.01,150.02,132.27,18.93,Y,,506074,247.70,0.0482,0.665,60600
"506491 (2003 UW29)",1.17,0.8386,3.76,196.48,55.27,20.77,Y,,506491,255.96,0.0181,,60600
"506732 (2006 VW2)",1.236,0.2944,10.05,229.77,299.68,21.32,Y,,506732,290.05,0.0145,,60600
"506859 (2007 VW137)",2.236,0.7348,5.83,297.40,247.48,18.25,Y,,506859,351.64,0.032,,60600
"507716 (2013 UP8)",2.535,0.6191,47.83,55.16,187.36,16.39,Y,,507716,318.58,0.0405,,60600
"508774 (1999 JE1)",1.323,0.7017,20.91,53.06,302.74,20.08,Y,,508774,214.12,0.0251,,60600
"508967 (2004 VC17)",1.895,0.8109,20.40,229.17,65.16,18.49,Y,,508967,247.56,0.00164,,60600
"509191 (2006 OC5)",2.402,0.6521,4.74,149.09,245.80,19.25,Y,,509191,305.36,0.0145,,60600
"509456 (2007 LF)",1.682,0.4198,6.99,239.39,333.92,20.57,Y,,509456,359.45,0.00257,,60600
"509821 (2008 WQ63)",1.734,0.6071,0.92,317.08,229.02,20.20,Y,,509821,308.58,0.00798,,60600
"509935 (2009 QL8)",1.931,0.5409,4.24,84.47,339.66,19.54,Y,,509935,202.68,0.028,,60600
"510055 (2010 FH81)",1.226,0.2105,16.80,84.60,158.31,21.51,Y,,510055,223.80,0.034,0.200,60600
"510529 (2012 EY11)",1.148,0.1508,9.02,167.58,238.88,21.58,Y,,510529,185.06,0.0288,,60600
"511008 (2013 PX6)",2.597,0.6515,13.66,187.37,229.70,18.55,Y,,511008,225.56,0.0298,1.647,60600
"511684 (2015 BN509)",1.007,0.5685,4.15,120.08,143.20,20.79,Y,,511684,166.20,0.0248,0.315,60600
"513126 (1998 QP)",1.786,0.5826,9.35,326.43,78.46,21.71,Y,,513126,325.88,0.0139,,60600
"513312 (2007 DM41)",1.181,0.5278,2.26,1.70,274.49,22.07,Y,,513312,211.78,0.00745,,60600
"513489 (2009 EV)",1.728,0.5235,17.00,138.55,250.28,20.12,Y,,513489,25.45,0.0312,,60600
"514150 (2015 KJ57)",1.559,0.4039,2.63,14.40,336.45,21.53,Y,,514150,239.72,0.0123,,60600
"514568 (1994 RC)",2.264,0.6036,4.76,344.25,286.54,19.22,Y,,514568,313.52,0.0381,,60600
"514596 (2003 FG)",1.241,0.7150,15.66,6.98,312.92,19.73,Y,,514596,166.36,0.0438,,60600
"515767 (2015 JA2)",1.034,0.3491,16.42,126.60,246.26,21.17,Y,,515767,233.79,0.0432,,60600
"516154 (2016 CL32)",1.543,0.4601,12.21,123.49,292.95,19.35,Y,,516154,214.31,0.0249,,60600
"516155 (2016 DP)",1.023,0.4771,13.33,54.36,254.01,20.11,Y,,516155,32.94,0.0318,,60600
"517103 (2013 EM20)",1.371,0.3179,8.36,73.88,350.16,19.92,Y,,517103,157.18,0.0424,,60600
"517681 (2015 DE198)",2.063,0.5832,12.26,33.23,218.11,18.86,Y,,517681,50.47,0.042,,60600
"518640 (2008 KZ5)",1.844,0.4545,8.36,142.55,194.42,20.05,Y,,518640,160.69,0.00313,,60600
"518678 (2008 UZ94)",2.191,0.5725,30.25,248.22,159.72,17.38,Y,,518678,322.94,0.0264,,60600
"518810 (2010 CF19)",1.193,0.2700,7.18,154.71,265.31,21.85,Y,,518810,142.87,0.0325,0.083,60600
"518847 (2010 DM)",2.081,0.8399,5.00,140.75,221.04,19.02,Y,,518847,8.79,0.0325,,60600
"523589 (2001 HA4)",2.69,0.7934,17.18,354.01,95.66,17.79,Y,,523589,134.96,0.025,1.851,60600
"523598 (2003 ED50)",1.416,0.5470,33.72,173.48,94.01,20.77,Y,,523598,258.77,0.0273,,60600
"523606 (2005 CJ)",1.75,0.5256,1.08,357.82,81.99,20.34,Y,,523606,203.33,0.00732,,60600
"523609 (2005 PJ2)",1.198,0.6594,17.42,326.43,128.89,19.53,Y,,523609,169.53,0.0445,,60600
"523623 (2008 CB22)",2.365,0.6533,7.27,51.17,33.42,19.72,Y,,523623,227.64,0.0464,,60600
"523630 (2009 OG)",2.706,0.8586,48.39,309.33,114.20,16.10,Y,,523630,137.74,0.0432,,60600
"523650 (2011 GQ61)",1.59,0.4121,65.16,333.51,155.09,18.59,Y,,523650,279.23,0.0266,,60600
"523654 (2011 SR5)",1.178,0.7057,29.13,180.10,305.55,20.95,Y,,523654,36.93,0.000164,,60600
"523656 (2011 WO4)",1.738,0.4977,60.94,225.18,235.99,19.29,Y,,523656,206.67,0.0299,,60600
"523662 (2012 MU2)",2.055,0.5138,11.22,250.30,16.60,20.77,Y,,523662,64.04,0.00102,,60600
"523685 (2014 DN112)",1.848,0.4939,4.30,260.18,145.91,20.04,Y,,523685,143.77,0.00279,,60600
"523732 (2014 PG51)",1.206,0.4528,3.79,275.74,294.16,20.66,Y,,523732,311.74,0.0231,,60600
"523775 (2014 YB35)",1.877,0.4833,12.64,3.72,188.64,19.11,Y,,523775,256.67,0.0208,0.279,60600
"523788 (2015 FP118)",2.121,0.5497,2.68,201.34,108.16,19.48,Y,,523788,1.51,0.03,,60600
"523804 (2000 YF29)",1.492,0.3713,6.30,124.74,28.10,20.31,Y,,523804,355.90,0.00855,,60600
"523813 (2008 VB1)",1.278,0.2751,10.32,50.35,136.98,20.65,Y,,523813,264.03,0.0191,,60600
"523814 (2008 WN2)",1.418,0.3118,3.75,227.09,283.40,20.81,Y,,523814,95.98,0.0493,,60600
"523816 (2009 ST103)",2.701,0.7184,15.74,226.45,234.66,18.14,Y,,523816,126.30,0.0371,0.851,60600
"523820 (2011 GN44)",2.245,0.5976,55.01,16.93,319.39,18.20,Y,,523820,307.31,0.00541,,60600
"523934 (1998 FF14)",1.253,0.3123,38.69,359.83,301.12,20.62,Y,,523934,251.74,0.0276,,60600
"524475 (2002 KJ4)",2.271,0.5570,27.92,75.52,155.48,19.36,Y,,524475,207.24,0.0251,,60600
"524594 (2003 NW1)",2.424,0.6432,6.16,265.02,118.89,18.68,Y,,524594,207.85,0.0256,,60600
"525229 (2004 UU1)",1.226,0.2732,29.97,217.76,113.63,21.17,Y,,525229,295.27,0.0269,,60600
"525231 (2004 VB)",1.459,0.4090,10.86,52.35,71.61,20.85,Y,,525231,77.99,0.0437,,60600
"525356 (2005 BG14)",1.993,0.7275,21.68,94.91,281.04,18.69,Y,,525356,24.82,0.0301,,60600
"525484 (2005 GL)",1.056,0.3063,15.90,43.61,265.35,21.30,Y,,525484,278.68,0.00624,,60600
"526670 (2006 UL217)",1.43,0.3486,9.92,45.18,310.12,20.75,Y,,526670,201.09,0.0213,,60600
"526878 (2007 FE)",1.794,0.4570,7.00,122.62,135.21,19.38,Y,,526878,90.40,0.0269,,60600
"527715 (2007 YQ56)",1.141,0.2881,26.45,276.00,273.09,19.97,Y,,527715,213.19,0.0127,,60600
"528804 (2009 BJ58)",1.849,0.7127,13.02,131.14,85.94,19.05,Y,,528804,61.52,0.016,,60600
"529366 (2009 WM1)",1.181,0.1689,25.77,240.25,162.64,20.42,Y,,529366,241.67,0.000225,,60600
"529668 (2010 JL33)",2.677,0.7350,5.38,52.45,309.89,17.89,Y,,529668,70.72,0.0313,1.778,60600
"529951 (2010 UD)",1.098,0.2640,26.29,23.74,262.26,21.08,Y,,529951,130.20,0.0126,,60600
"530085 (2010 XC11)",2.519,0.8492,9.12,94.09,121.47,18.76,Y,,530085,139.28,0.0319,,60600
"530520 (2011 LT17)",1.1,0.2874,20.90,83.45,270.62,21.85,Y,,530520,146.20,0.00173,,60600
"530974 (2012 BN11)",1.457,0.3950,4.36,153.71,69.77,20.77,Y,,530974,39.68,0.0216,,60600
"531277 (2012 MM11)",2.113,0.6479,3.18,245.42,124.24,20.30,Y,,531277,341.40,0.0112,,60600
"531914 (2013 BW76)",2.058,0.5337,40.36,58.22,0.56,18.37,Y,,531914,350.41,0.0281,,60600
"533372 (2014 GG17)",1.367,0.3525,39.15,195.28,239.58,20.17,Y,,533372,297.85,0.0155,,60600
"533671 (2014 LJ21)",2.889,0.8956,24.28,126.58,302.90,15.90,Y,,533671,51.35,0.0262,,60600
"533722 (2014 NE52)",2.385,0.6585,3.86,54.52,337.61,18.21,Y,,533722,256.99,0.0357,0.701,60600
"535844 (2015 BY310)",1.587,0.4008,4.79,328.41,229.53,21.89,Y,,535844,277.70,0.0243,,60600
"536531 (2015 DV215)",1.538,0.4027,13.20,13.92,41.37,20.46,Y,,536531,73.05,0.00744,,60600
"538212 (2016 CA136)",2.032,0.7812,1.26,239.74,125.01,19.35,Y,,538212,18.73,0.00705,0.654,60600
"539063 (2016 MK1)",1.5,0.7160,10.78,178.30,240.70,19.12,Y,,539063,94.81,0.0246,,60600
"549948 (2011 WL2)",1.078,0.2834,14.13,212.91,88.85,20.84,Y,,549948,275.83,0.00173,,60600
"551685 (2013 HT15)",1.101,0.4229,2.92,23.28,315.92,21.82,Y,,551685,265.36,0.0269,,60600
"585310 (2017 YZ1)",1.328,0.3351,20.87,277.70,298.49,20.43,Y,,585310,99.80,0.000695,,60600
"605070 (2016 BT39)",1.968,0.5382,8.96,174.97,203.19,19.67,Y,,605070,80.29,0.0478,,60600
"612012 (1983 LC)",2.603,0.7146,1.56,159.69,184.90,19.47,Y,,612012,270.70,0.0248,,60600
"612050 (1997 GL3)",2.27,0.7844,6.68,194.34,262.58,19.14,Y,,612050,23.62,0.00357,,60600
"612098 (1999 RM45)",1.684,0.6446,10.89,162.63,88.91,19.82,Y,,612098,215.47,0.00316,,60600
"612143 (2000 BO28)",1.699,0.6003,6.34,319.73,303.41,19.84,Y,,612143,1.98,0.0476,,60600
"612227 (2001 QC34)",1.129,0.1876,6.24,271.45,215.47,20.20,Y,,612227,332.57,0.0283,,60600
"612267 (2001 SG286)",1.358,0.3474,7.77,241.11,56.28,20.91,Y,,612267,236.56,0.00445,,60600
"612326 (2002 CD14)",1.779,0.5793,2.89,127.60,141.32,20.42,Y,,612326,149.31,0.0283,,60600
"612337 (2002 EY2)",1.725,0.4866,21.73,343.39,51.10,19.45,Y,,612337,67.64,0.000554,,60600
"612342 (2002 FC)",2.822,0.6660,6.76,50.10,195.23,19.16,Y,,612342,249.51,0.0304,,60600
"612348 (2002 GZ8)",2.821,0.6402,5.32,309.75,161.48,18.73,Y,,612348,287.59,0.0396,,60600
"612358 (2002 JE9)",1.066,0.4165,8.77,199.83,255.90,21.40,Y,,612358,201.66,0.00642,,60600
"612509 (2002 UK11)",1.324,0.5753,5.37,69.18,84.54,21.89,Y,,612509,107.30,0.0119,,60600
"612522 (2002 VP69)",2.019,0.5270,10.12,306.83,189.04,18.23,Y,,612522,202.97,0.0226,,60600
"612536 (2003 AA3)",1.421,0.2893,13.78,106.38,347.03,20.30,Y,,612536,311.80,0.0326,,60600
"612780 (2004 MD)",1.917,0.5365,9.77,85.39,124.28,20.16,Y,,612780,255.42,0.0157,,60600
"612786 (2004 PJ2)",1.418,0.3421,2.58,317.10,281.78,21.57,Y,,612786,23.99,0.0233,,60600
"612813 (2004 RF84)",2.164,0.6038,23.29,344.52,122.61,18.38,Y,,612813,71.76,0.0347,,60600
"612856 (2004 TP1)",1.291,0.3892,7.49,30.02,87.86,20.75,Y,,612856,182.75,0.0285,,60600
"612901 (2004 XP14)",1.052,0.1586,32.95,281.01,273.74,19.79,Y,,612901,54.12,0.000579,,60600
"612924 (2005 CL)",1.986,0.7547,4.45,318.37,298.57,20.29,Y,,612924,338.02,0.0239,,60600
"612989 (2005 LW39)",1.988,0.7156,28.47,251.45,275.19,20.00,Y,,612989,341.28,0.0276,,60600
"613450 (2006 PY17)",1.895,0.6404,2.85,309.91,133.19,19.30,Y,,613450,303.70,0.0255,,60600
"613714 (2007 DL41)",1.457,0.4765,4.67,150.72,140.23,20.82,Y,,613714,286.02,0.0462,,60600
"613986 (2008 JG)",1.051,0.2959,7.92,128.74,242.35,20.81,Y,,613986,324.38,0.0493,,60600
"614433 (2009 KK)",1.502,0.4552,18.21,68.12,247.34,20.58,Y,,614433,95.41,0.000922,,60600
"614470 Flordeneu (2009 ST19)",2.361,0.5949,6.73,0.13,336.93,18.39,Y,,614470,59.52,0.00973,,60600
"618350 (2021 PS2)",1.554,0.4735,7.92,163.29,79.01,19.92,Y,,618350,257.34,0.0352,,60600
"619106 (2005 SQ)",1.654,0.5748,1.20,317.11,294.98,20.11,Y,,619106,28.92,0.00554,,60600
"619920 (2006 KY86)",2.294,0.6486,7.47,222.29,321.65,19.74,Y,,619920,114.32,0.0483,,60600
"620055 (2003 BK47)",2.749,0.7062,20.66,138.78,235.34,17.76,Y,,620055,318.54,0.0194,,60600
"620056 (2004 UR1)",2.175,0.6164,4.08,250.92,73.45,20.53,Y,,620056,99.22,0.0193,,60600
"620063 (2009 DH39)",1.849,0.6001,53.69,155.39,68.25,18.77,Y,,620063,58.35,0.0176,,60600
"620066 (2010 SC41)",1.866,0.6068,0.25,235.53,267.58,19.86,Y,,620066,142.47,0.00113,,60600
"620071 (2011 WN15)",1.217,0.8580,33.43,75.55,218.57,19.64,Y,,620071,249.46,0.00309,,60600
"620082 (2014 QL433)",2.092,0.7170,4.43,322.63,260.62,19.87,Y,,620082,158.82,0.00901,,60600
"620085 (2014 WG365)",1.296,0.3333,25.12,71.31,111.13,20.12,Y,,620085,155.10,0.0131,,60600
"620092 (2015 HB10)",1.853,0.5716,5.70,6.12,79.69,18.40,Y,,620092,346.91,0.0263,,60600
"620094 (2016 AJ193)",3.261,0.8163,22.57,331.16,82.14,18.98,Y,,620094,185.53,0.015,1.374,60600
"620095 (2016 CB194)",2.512,0.6322,9.88,48.47,325.74,17.70,Y,,620095,119.35,0.000243,,60600
"620096 Curupira (2016 HL)",1.813,0.6157,5.15,232.69,252.07,19.85,Y,,620096,195.15,0.00784,,60600
"620099 (2016 OP5)",1.616,0.4523,8.24,79.52,291.04,20.95,Y,,620099,338.29,0.0455,,60600
"620100 (2016 WJ1)",1.34,0.5031,2.89,81.99,87.77,21.35,Y,,620100,345.15,0.000146,,60600
"620103 (2018 LC3)",1.346,0.5479,44.36,111.17,76.26,18.79,Y,,620103,55.37,0.0499,,60600
"620107 (2020 XK7)",2.012,0.5593,8.08,197.59,26.95,19.58,Y,,620107,81.97,0.0403,,60600
"621890 (2011 PO1)",2.515,0.6346,5.74,210.64,166.79,20.91,Y,,621890,98.78,0.0343,,60600
"627157 (2008 OX1)",1.206,0.2776,29.74,304.82,281.35,21.50,Y,,627157,138.09,0.036,,60600
"657084 (2016 GT220)",1.608,0.3799,23.65,3.09,27.02,17.83,Y,,657084,244.19,0.0243,,60600
"660096 (1998 SL36)",1.391,0.4181,19.06,353.08,116.80,20.23,Y,,660096,253.30,0.0197,,60600
"666729 (2010 TV149)",1.699,0.5188,9.79,78.58,42.90,18.72,Y,,666729,76.23,0.0443,,60600
"667255 (2011 EG17)",1.38,0.4188,20.11,170.10,241.55,20.68,Y,,667255,210.56,0.0434,,60600
"668949 (2012 PP28)",1.989,0.6067,5.67,254.05,133.68,19.27,Y,,668949,100.32,0.0265,,60600
"669051 (2012 SD22)",1.964,0.5727,7.91,140.22,313.83,20.06,Y,,669051,105.48,0.0167,,60600
"669555 (2012 YQ1)",1.998,0.5627,5.15,120.01,42.26,21.11,Y,,669555,50.22,0.00575,,60600
"671294 (2014 JO25)",2.066,0.8867,25.16,30.28,49.91,18.02,Y,,671294,201.55,0.00684,,60600
"671970 (2014 QO296)",1.835,0.4701,10.94,193.51,30.72,20.15,Y,,671970,59.12,0.0147,,60600
"672457 (2014 UR116)",2.07,0.7278,6.57,5.81,286.96,19.80,Y,,672457,142.70,0.0292,,60600
"672745 (2014 WV363)",1.846,0.5158,5.53,77.95,210.03,19.05,Y,,672745,18.13,0.0294,,60600
"673011 (2015 AR45)",1.385,0.7013,9.23,114.35,239.63,20.00,Y,,673011,38.07,0.0176,,60600
"674590 (2015 RH2)",1.218,0.2666,5.36,332.38,115.37,22.00,Y,,674590,210.05,0.0119,,60600
"675603 (2015 XE352)",1.335,0.3891,2.05,45.18,225.54,20.94,Y,,675603,45.42,0.0147,,60600
"678413 (2017 SV20)",1.303,0.3054,22.73,110.86,119.66,18.76,Y,,678413,52.25,0.00928,,60600
"678715 (2017 VV14)",2.24,0.8450,15.89,77.93,234.76,18.34,Y,,678715,48.24,0.0493,,60600
"678927 (2018 BP)",1.557,0.3977,3.33,183.28,216.51,20.56,Y,,678927,197.14,0.00307,,60600
"678976 (2018 EH4)",2.06,0.6126,6.19,2.83,75.23,21.68,Y,,678976,104.41,0.0241,,60600
"679440 (2019 GT2)",1.84,0.5108,6.74,88.38,343.89,19.10,Y,,679440,158.02,0.0439,,60600
"679655 (2020 BS12)",1.49,0.7457,4.63,311.97,90.29,20.11,Y,,679655,241.41,0.0356,,60600
"679656 (2020 BP13)",1.568,0.3525,8.14,208.99,357.32,21.07,Y,,679656,93.49,0.0129,,60600
"679786 (2020 QG3)",2.089,0.5654,7.43,186.56,229.76,21.21,Y,,679786,113.31,0.0162,,60600
"679814 (2020 TH5)",1.425,0.3985,4.60,175.77,326.46,21.04,Y,,679814,54.43,0.0346,,60600
"679885 (2021 NQ5)",1.611,0.4937,1.42,115.35,299.07,21.12,Y,,679885,166.37,7.29e-05,,60600
"696513 (2016 NL56)",1.407,0.5450,4.60,340.90,87.43,20.91,Y,,696513,270.79,0.00357,,60600
"712200 (2014 SM143)",1.206,0.4226,24.21,28.81,89.64,20.38,Y,,712200,153.82,0.00531,,60600
"719194 (2018 PL23)",1.567,0.7870,14.35,178.29,293.68,19.87,Y,,719194,341.87,0.0314,,60600
